,site,eastings,northings,latitude,longitude
0,GA0051,258009,665258,55.8595937498379,-4.2688927526924285
1,GA0061,257986,665339,55.860314268123936,-4.269302362792732
2,GA0101,258005,664949,55.85681809019968,-4.268794850976661
3,GA0102,258004,664934,55.85668311215711,-4.268802963038528
4,GA0151,258001,665649,55.86310214398499,-4.269225208555603
5,GA0201,257962,665922,55.865541894148514,-4.269990915733588
6,GA0251,257957,666015,55.86637545757959,-4.2701194790830765
7,GA0301,257969,666156,55.867645015831684,-4.270001738723938
8,GA0351,258164,666469,55.87051282198297,-4.267051691531643
9,GA0352,258120,666395,55.86983543522923,-4.2677156145276305
10,GA037U,258215,666554,55.87129103224428,-4.2662817115029394
11,GA0401,258130,665622,55.862897686074206,-4.26715140272735
12,GA0451,258154,665888,55.86529313687717,-4.266907365512698
13,GA048A,258430,666234,55.86848096821612,-4.262681037501933
14,GA0501,258299,666270,55.868765721352894,-4.264791762816383
15,GA055A,258144,665973,55.866053401753554,-4.267111514678315
16,GA0561,258300,665206,55.85921243971284,-4.264219742057186
17,GA0571,258342,665385,55.8608320083596,-4.263642709169186
18,GA058A,258265,665399,55.86093508743131,-4.264879377762091
19,GA0601,258272,665497,55.86181707963583,-4.264818835189052
20,GA0651,258294,665584,55.8626047120095,-4.2645130463766625
21,GA070A,258448,665547,55.862317724467566,-4.262034912744562
22,GA072A,258491,665636,55.86312947178335,-4.261394809395074
23,GA0751,258356,665839,55.864912555968566,-4.263656342772268
24,GA080A,258376,665916,55.86560980871426,-4.263377219133274
25,GA1051,258433,665365,55.86067915336976,-4.262179396475672
26,GA1101,258537,665795,55.8645706224019,-4.260743300733739
27,GA1151,258552,665875,55.865293338979576,-4.260545529518687
28,GA1171,258575,665955,55.86601840198509,-4.260220009046719
29,GA1201,258651,666192,55.86816870159357,-4.2591300316916705
30,GA1211,259007,666173,55.86810234989968,-4.2534352810662615
31,GA1221,258974,666389,55.87003215762451,-4.2540746304381525
32,GA1251,258682,666368,55.869758085736024,-4.258726762047683
33,GA127A,258292,664952,55.8569294396445,-4.264214762089762
34,GA127B,258313,664940,55.85682786222813,-4.263873249900005
35,GA1281,258379,664956,55.85699091028027,-4.2628279802448334
36,GA1301,258460,664946,55.85692489915212,-4.261529673176859
37,GA1321,258526,665350,55.86057176240084,-4.260686772070485
38,GA1331,258547,665437,55.86135909193225,-4.260396874326817
39,GA1351,258482,665170,55.85894264069575,-4.261295332761098
40,GA1361,258567,665519,55.86210123270514,-4.2601203236591205
41,GA1371,258590,665614,55.8629609791018,-4.259802642847738
42,GA1381,258609,665693,55.86367588844541,-4.259540472713871
43,GA1391,258628,665772,55.86439079723491,-4.259278293281382
44,GA1401,258666,665933,55.86584755002323,-4.258755470467621
45,GA1451,258729,666097,55.86733856392644,-4.2578349648787315
46,GA1501,258567,664921,55.85673181511037,-4.259808484590876
47,GA1551,258575,665151,55.85879932254555,-4.259800691560396
48,GA1571,258620,665331,55.86042873058532,-4.259176104677197
49,GA1601,258641,665417,55.86120707785983,-4.258885656004073
50,GA1651,258660,665495,55.86191300651655,-4.258622958717258
51,GA1801,258721,665749,55.86421154053782,-4.257781364790362
52,GA183A,258748,665911,55.865674043829245,-4.257434653375658
53,GA1851,258650,664912,55.85667533713213,-4.258478783589007
54,GA1871,258654,665018,55.85762828045531,-4.258470161628113
55,GA1901,258666,665132,55.85865540000973,-4.258337990467869
56,GA1951,258738,665358,55.86070574400142,-4.25730623704155
57,GA2001,258758,665472,55.86173520552921,-4.25704629835649
58,GA2051,258781,665566,55.86258596560854,-4.256728031397085
59,GA2101,258800,665645,55.86330086889562,-4.256465806938649
60,GA2151,258819,665725,55.86402475060396,-4.256204093872026
61,GA2201,258839,665807,55.86476688248834,-4.255927445387668
62,GA2251,258858,665886,55.865481784082625,-4.255665192542502
63,GA2301,258891,666039,55.86686522728771,-4.255217897361082
64,GA2351,258786,664880,55.85642784920678,-4.2562910225755335
65,GA2401,258816,664968,55.85722678310055,-4.255857906746825
66,GA2421,258989,664780,55.85558934315966,-4.252998365722763
67,GA2451,258840,665099,55.85841005585922,-4.2555429391219075
68,GA2501,258837,665345,55.860618008217074,-4.255718870858522
69,GA250B,258839,665288,55.86010679157475,-4.255657271202418
70,GA2551,258860,665447,55.8615405970477,-4.255404746940968
71,GA2601,258883,665541,55.862391353194475,-4.255086445454705
72,GA2651,258902,665620,55.863106253246784,-4.254824191957331
73,GA2701,258921,665700,55.86383013173058,-4.254562449468107
74,GA2751,258940,665782,55.864571967634156,-4.254301738112216
75,GA2801,258964,665859,55.865270370687234,-4.253958578360729
76,GA2851,258927,665333,55.86053659804311,-4.254275721856765
77,GA2901,258950,665425,55.86136939354921,-4.253956362989964
78,GA2951,258972,665519,55.862219853754326,-4.253653997334362
79,GA2971,258992,665598,55.86293504342328,-4.253375751914732
80,GA3001,259010,665679,55.86366760564847,-4.253130470332978
81,GA3051,259030,665760,55.86440075213766,-4.25285324546772
82,GA3101,259049,665839,55.86511564767308,-4.252590938248435
83,GA3151,259041,665993,55.8664960739848,-4.252798747869953
84,GA320A,258878,664839,55.85608663872688,-4.254801014079052
85,GA3221,259092,664728,55.85515253678551,-4.251327105862145
86,GA3251,258956,665075,55.858228499644135,-4.253678550226177
87,GA3301,259034,665406,55.86122335593568,-4.252605346115453
88,GA3351,259065,665495,55.86203154864564,-4.252156657001792
89,GA3371,259093,665659,55.863512288423344,-4.251794823473642
90,GA345U,259136,665820,55.86497047269546,-4.25119189328312
91,GA350U,259197,665932,55.865993939900534,-4.250276045005217
92,GA400U,259162,664948,55.85714836720685,-4.25032388278939
93,GA4051,259096,665044,55.85799107459642,-4.2514273910330145
94,GA4052,259017,665057,55.858084713861196,-4.252695349515007
95,GA4081,259158,665284,55.860164149450156,-4.250562213416748
96,GA4101,259180,665371,55.860951748894735,-4.2502561471870655
97,GA412A,259124,665482,55.861932062288766,-4.251207894994071
98,GA4151,259201,665461,55.86176599265007,-4.2499675927417355
99,GA4201,259270,666253,55.86889751728618,-4.24927703355741
100,GA4251,259208,666366,55.86989404138961,-4.25032581237961
101,GA4301,259278,665442,55.861617868465245,-4.248728338605618
102,GA4351,259321,665619,55.86321970327241,-4.248133621573265
103,GA4371,259392,665604,55.86310572748499,-4.246992202000348
104,GA4401,259357,665771,55.864595017676486,-4.247637660972333
105,GA4451,259387,665891,55.86568125130286,-4.2472208769396556
106,GA4501,259435,666058,55.86719474644478,-4.246541012443495
107,GA452U,259647,666188,55.86842378857746,-4.243223011011975
108,GA4551,259328,665336,55.860680680149635,-4.247875048454153
109,GA4601,259348,665424,55.861476669006336,-4.2476013746425965
110,GA4651,259224,664668,55.854652340147624,-4.249188797099965
111,GA4701,259252,664768,55.855558415083074,-4.248793706558077
112,GA4721,259280,664878,55.85655427912904,-4.248403785614003
113,GA4751,259307,664990,55.85756780830298,-4.24803084716677
114,GA475A,259403,664963,55.857353370347,-4.246484263681351
115,GA4771,259335,665129,55.85882406201477,-4.247655927722936
116,GA4801,259360,665245,55.859872921788636,-4.24731695458268
117,GA482U,259556,665205,55.859570881687276,-4.244167016202059
118,GA4831,259458,664808,55.855977648069704,-4.24552591741003
119,GA4851,259496,664938,55.857155996925556,-4.2449866256256135
120,GA4861,259416,0,49.88304880941147,-3.957134469678073
121,GA4871,259560,665371,55.861062569801774,-4.244189116285285
122,GA4901,259590,665589,55.86302874012859,-4.2438230156041925
123,GA492A,259753,665594,55.863121073554574,-4.241223019652289
124,GA495A,259853,665593,55.86314117041866,-4.23962582099882
125,GA4971,259909,665592,55.86314846481457,-4.238731161468752
126,GA5001,259447,664506,55.853262768066955,-4.245545062549445
127,GA5051,259526,664676,55.85481222221251,-4.244372026367096
128,GA5052,259501,664616,55.854266196878804,-4.244740038263641
129,GA510A,259604,664807,55.85601119087476,-4.243194677992421
130,GA5151,259662,664889,55.856764354826375,-4.242311194743741
131,GA5171,259564,664917,55.856987242342065,-4.243890179359654
132,GA5201,259716,664985,55.85764205619605,-4.24149877597668
133,GA5251,259809,665147,55.859123710597316,-4.24009780237107
134,GA5301,259911,665287,55.860410424294535,-4.238541666806672
135,GA533A,259735,665329,55.86073638422189,-4.241373351618632
136,GA5351,260114,665486,55.86225619680923,-4.235403269885799
137,GA5371,260110,665568,55.86299132299468,-4.235509438687962
138,GA5401,260106,665646,55.863690532562444,-4.235613548116906
139,GA5451,260265,665940,55.86637649828953,-4.233226301988971
140,GA5471,260148,665806,55.865139373398,-4.235025458667364
141,GA5501,260279,666217,55.86886776999212,-4.233145520117892
142,GA5551,259801,664705,55.85515262940083,-4.239997077312865
143,GA5601,260074,665730,55.86443549142875,-4.236167844716605
144,GA5651,259846,664796,55.85598280514587,-4.239325730661856
145,GA5701,259857,664653,55.85470199115576,-4.23907625651417
146,GA5751,260061,666233,55.86894820226907,-4.236635069763595
147,GB0051,258354,664672,55.85443354818292,-4.263078795774447
148,GB0101,258327,664566,55.85347385017746,-4.263454446242241
149,GB0121,258218,664478,55.852651676719894,-4.265148384257253
150,GB0141,258294,664440,55.85233280955407,-4.263915407114407
151,GB0151,258275,664348,55.851501164717504,-4.2641706360824285
152,GB0251,258408,664547,55.853327034051965,-4.262151559055982
153,GB0301,258381,664439,55.85234938070797,-4.26252617866688
154,GB0351,258355,664330,55.85136304091944,-4.262884296352081
155,GB0401,258642,664721,55.85495800855796,-4.258506970029424
156,GB0451,258620,664611,55.853963873283256,-4.258800839580441
157,GB047A,258513,664635,55.85414799361754,-4.260521379277863
158,GB049A,258514,664522,55.85313366396661,-4.2604464896925665
159,GB0501,258742,664697,55.85477181027131,-4.256898145664349
160,GB0551,258717,664588,55.85378577874483,-4.257240464253067
161,GB0601,258689,664478,55.8527898884244,-4.257630132512361
162,GB0651,258662,664368,55.85179428989091,-4.258003819504505
163,GB0701,258634,664264,55.85085227107664,-4.258396575235153
164,GB0751,258584,664045,55.84887121981492,-4.259080534889449
165,GB080U,258819,663989,55.848437224151304,-4.255300616256498
166,GB105A,258872,664429,55.85240349360512,-4.254683524633753
167,GB1101,259055,664373,55.851954174544126,-4.251733337489435
168,GB113A,259017,664254,55.85087456673405,-4.252278071191009
169,GB1151,258996,664192,55.85031172982759,-4.252581050884497
170,GB117A,259137,664515,55.85325314896824,-4.250498162213254
171,GB1201,258922,663963,55.84823390059908,-4.25364315512559
172,GB1271,258913,663626,55.845205340151004,-4.253611635194773
173,GB1281,258890,663458,55.84369013911898,-4.253891375267612
174,GB1301,258979,663951,55.848142817114336,-4.252727167492609
175,GB1321,259105,664138,55.849858709839566,-4.250813217764465
176,GB1351,259298,664230,55.850741111610034,-4.247780388851377
177,GB1371,259185,664292,55.851264839738484,-4.249616226857409
178,GB140A,259382,664385,55.85215735807869,-4.246519930562705
179,GB145A,259602,664048,55.84919549184629,-4.242833874612418
180,GB145B,259600,664036,55.8490871608371,-4.2428595888472636
181,GB1551,259196,663660,55.845593296568346,-4.249112770376984
182,GB1601,259859,663869,55.84766295680935,-4.238639441526009
183,GB165A,259965,663797,55.847047239035305,-4.2369104809388975
184,GC0051,257696,665662,55.8631289519662,-4.274101796001617
185,GC0101,257331,665402,55.86068659616042,-4.279792740859543
186,GC012A,257353,665507,55.86163588224058,-4.279496732704719
187,GC0151,257394,665716,55.86352458612693,-4.278952048621123
188,GC0201,257306,665250,55.85931441648458,-4.280111902430396
189,GC0251,257283,665089,55.857862018238016,-4.280394378908761
190,GC0271,255904,666123,55.86673593273367,-4.302958189231861
191,GC0301,255621,666292,55.868168657842766,-4.307567017791403
192,GC0321,255498,666274,55.86797018985406,-4.309521501305883
193,GC035A,255148,666398,55.86897850098668,-4.315176557880529
194,GC050U,254135,666685,55.87124988457144,-4.331506829725727
195,GC095A,257683,665756,55.863969128340955,-4.274358697101498
196,GC1001,257661,665899,55.86524661118684,-4.274785038695968
197,GC1051,257648,665993,55.86608678562339,-4.275041969725516
198,GC1101,257398,665967,55.86577945635518,-4.279020196554231
199,GC115A,257191,665941,55.86548473752641,-4.28231176262058
200,GC120A,257159,665862,55.86476593214722,-4.282781095601941
201,GC125A,257025,665940,55.86542656088321,-4.284961806321782
202,GC1301,256873,666115,55.8669527484334,-4.2874812167754826
203,GC132U,256929,666211,55.8678313333007,-4.2866376821357095
204,GC1351,256836,666053,55.86638507862307,-4.288039285871567
205,GC1401,256728,666191,55.8675920654881,-4.2898367208067665
206,GC145U,256592,666167,55.86733613935193,-4.291995683348211
207,GC152A,256588,666397,55.86940006107792,-4.292181239845782
208,GC155A,256453,666471,55.87002430644615,-4.29437621818693
209,GC1601,256211,666538,55.87055375590302,-4.298276263719121
210,GC1621,255598,666413,55.869248185207546,-4.307998744740867
211,GC1631,255497,666391,55.869020390564344,-4.3095998410254275
212,GC164A,255825,666418,55.869361022100044,-4.304376529477848
213,GC165A,256043,666582,55.87089867631221,-4.300982459435078
214,GC167U,256044,666719,55.87212905482726,-4.301039261126389
215,GC168A,255890,666586,55.8708888746228,-4.303427890770349
216,GC1701,255612,666590,55.870841598692245,-4.30786947596848
217,GC1751,255391,666593,55.87080228684466,-4.311400269635238
218,GC177U,255342,666817,55.87279879422218,-4.312302324341328
219,GC180A,255161,666596,55.870760169604246,-4.315074775463435
220,GC185A,255014,666600,55.87075189262476,-4.317424372315643
221,GC205U,254319,666749,55.87188015298891,-4.32860290670464
222,GC210U,254137,666906,55.873234736171675,-4.331593841232307
223,GC2151,253681,667301,55.87664300936254,-4.3390894074121205
224,GC217U,253553,667196,55.875661396495374,-4.341076971450375
225,GC220A,253362,667370,55.87716556381861,-4.344221570095974
226,GC220B,253351,667365,55.87711732469059,-4.3443945491487
227,GC225U,253171,667502,55.87829255634807,-4.347343646924436
228,GC227U,253545,667742,55.88056118238441,-4.341499915825029
229,GC2301,252982,667642,55.879491904933325,-4.3504383008292455
230,GC2331,253090,667971,55.88247872503289,-4.348891739129385
231,GC2351,252254,668051,55.882941369392796,-4.362289157119365
232,GC236U,251811,668438,55.886279900345635,-4.369577204524552
233,GC237A,251748,668340,55.88538065228256,-4.370529963945922
234,GC2381,251523,668519,55.88691846101195,-4.3742223716260735
235,GC2401,251351,668658,55.88811338640993,-4.377046396659573
236,GC2411,251267,668724,55.88868001808295,-4.378424599591895
237,GC242A,251060,668894,55.89014234626935,-4.381825103990786
238,GC250U,252375,668567,55.88761125254475,-4.360637666328916
239,GC255U,251653,669050,55.891725935223455,-4.372436591375114
240,GC4051,257142,665205,55.85886181520097,-4.282706425954816
241,GC4101,257165,665285,55.85958693353602,-4.282381370582783
242,GC4151,257191,665398,55.86060924055371,-4.282025784855171
243,GC420A,257681,664990,55.857090724164884,-4.273988654875993
244,GC4251,257794,664957,55.85682775310416,-4.27216742447434
245,GD005A,257948,666670,55.872253972230205,-4.270606461411041
246,GD0101,257771,666779,55.873180472187165,-4.273490395036838
247,GD0151,257572,666903,55.874235085127935,-4.276733709503963
248,GD017A,257511,666804,55.87332815134163,-4.277655880202349
249,GD019A,257426,666994,55.87500899142823,-4.279113350758938
250,GD0201,257309,667068,55.87563879804092,-4.281020957632087
251,GD025A,257119,667176,55.87655221642036,-4.2841124925731835
252,GD030A,257014,667246,55.8771495894797,-4.285826478569605
253,GD0351,256839,667343,55.87796857492941,-4.288672844957276
254,GD0451,256379,667644,55.88053429417298,-4.296179693768397
255,GD0501,256017,667882,55.882563185740814,-4.302088547137382
256,GD051U,255909,668395,55.88713694648899,-4.3040867273899135
257,GD052U,255958,668498,55.88807640057902,-4.303358704233369
258,GD053U,255846,668515,55.88819553530341,-4.30515710646607
259,GD0551,255616,668132,55.88468784512212,-4.308627430630799
260,GD0601,255144,668470,55.887580920603206,-4.316348379150576
261,GD0651,254930,668601,55.888692713830544,-4.319837434084957
262,GD0671,254839,668671,55.88929379780555,-4.321328822501599
263,GD070A,257621,666565,55.87121471425258,-4.275773546661933
264,GD072U,257395,666679,55.87217149273369,-4.279442687595648
265,GD075U,257293,666720,55.87250943625941,-4.281093226217755
266,GD0801,257857,666274,55.868671513364944,-4.271852067654838
267,GD0851,257177,666773,55.87295095478538,-4.28297370219169
268,GD087U,257066,666688,55.87215485454463,-4.28470157975824
269,GD088U,257110,666626,55.871611214954605,-4.283966208265786
270,GD090U,256866,0,49.882444333210245,-3.9926116965491256
271,GD090U,256876,666736,55.87252945657424,-4.2877612305372805
272,GD095U,256680,666786,55.87292015547255,-4.290917817653147
273,GD0971,256374,666741,55.87242502937458,-4.295780858036384
274,GD1001,256507,666926,55.874125706111094,-4.2937548055363095
275,GD105A,256618,667094,55.87566716749187,-4.292070952585159
276,GD107A,256726,667243,55.87703711861326,-4.290424835202054
277,GD108A,256225,666984,55.87456243262611,-4.2982893166785905
278,GD110U,255841,667153,55.87596512409555,-4.304512023527115
279,GD1151,255812,667271,55.87701592985093,-4.30503799262634
280,GD116U,255892,667603,55.880020772461016,-4.303936862484334
281,GD117A,255432,667365,55.87774607816173,-4.311157415281455
282,GD120A,255669,667306,55.877287376967224,-4.307340602874963
283,GD1251,254985,667160,55.875771171280356,-4.31818715445014
284,GD1301,254799,667404,55.877905935943495,-4.321288552205386
285,GD1351,254526,667285,55.87675515985541,-4.325584992061826
286,GD138A,254546,667393,55.877730876990256,-4.32532354751201
287,GD138B,254555,667394,55.877742571835995,-4.325180337610647
288,GD1401,254600,667707,55.8805664292419,-4.3246296094126295
289,GD143A,254577,667845,55.881798524211305,-4.32507108334412
290,GD143B,254588,667848,55.881828779492245,-4.324896985116054
291,GD1451,254609,668039,55.88355001365244,-4.324664078420197
292,GD1471,254086,668001,55.883050729317816,-4.332998100333203
293,GD1501,254632,668251,55.885460399422826,-4.324410477168421
294,GD1601,254743,669083,55.89296400829651,-4.323083675402302
295,GD1621,254570,668854,55.890855726778916,-4.325724847301371
296,GD1631,254535,668790,55.89027053443942,-4.326249657977162
297,GD1641,254625,668735,55.889803886993896,-4.324782189401424
298,GD1651,254624,668808,55.890459016220156,-4.324837370515966
299,GD168A,254409,668981,55.891947357943394,-4.32836549133673
300,GD168B,254409,668956,55.891722895890716,-4.3283520439124095
301,GD1701,254811,669184,55.893891341880185,-4.322051343971618
302,GD172U,254348,669433,55.895987185089425,-4.329583392406013
303,GD173U,254623,669287,55.8947594171068,-4.325110634271995
304,GD174U,254062,669453,55.89608017129103,-4.334164250008866
305,GD1751,253734,669299,55.89459798981328,-4.339322205624655
306,GD176U,254122,669158,55.893449707662334,-4.333046469608523
307,GD176U,254127,669180,55.89364874794152,-4.332978436379877
308,GD1801,255017,669716,55.89872997868296,-4.319044806554515
309,GD200A,258131,666585,55.8715446627813,-4.267639408069425
310,GD205A,258112,666726,55.8728050939668,-4.268016660669668
311,GD207A,258030,666951,55.87480119647207,-4.269444122386586
312,GD2091,258007,667133,55.87642857605174,-4.269906842684449
313,GD210A,257997,667243,55.87741330543774,-4.270124218721173
314,GD2151,257949,667543,55.88009281812269,-4.2710482076839575
315,GD217A,257793,667631,55.880836943959125,-4.273586262551133
316,GD220U,258154,667397,55.8788422898217,-4.267697192270358
317,GD222U,258289,668018,55.88445789968211,-4.265865765421968
318,GD2251,257544,667806,55.88233468742639,-4.277655754870782
319,GD2301,257438,668044,55.884440291547946,-4.279474317560376
320,GD234A,258065,668432,55.88810921024631,-4.269661245465767
321,GD235U,257203,667636,55.88070735550392,-4.283013340178817
322,GD237A,257310,668192,55.885731260152,-4.281597121681622
323,GD2451,257096,668449,55.88797537265857,-4.285151547603744
324,GD246A,257006,668584,55.88916079737608,-4.2866607397316905
325,GD247U,256991,668367,55.8872079557369,-4.286785766766676
326,GD255A,256892,668752,55.89063537114773,-4.288570929866344
327,GD2571,257126,668992,55.892859737380434,-4.2849588553786
328,GD2601,256627,668932,55.89217273428932,-4.292900321036929
329,GD2651,256434,669155,55.89411749271165,-4.296102392973697
330,GD2701,256322,669437,55.896616078527806,-4.298041758230514
331,GD271A,256232,669605,55.89809763302105,-4.299569217170721
332,GD2721,256122,669751,55.899375661575064,-4.301404715584012
333,GD275A,255631,670196,55.90322417527256,-4.3094888589602975
334,GD275B,255634,670212,55.903368732204,-4.309449451563938
335,GD3051,258585,666900,55.874506434777466,-4.260553395645546
336,GD307A,258384,666789,55.87345075815883,-4.263705602196497
337,GD309U,258649,666534,55.87123891567908,-4.259340324369899
338,GD310A,258833,667209,55.87735363379444,-4.25675351296461
339,GD400U,252488,668344,55.88564370729329,-4.358710937627598
340,GD405U,253062,668320,55.885603634225696,-4.3495283670888885
341,GD4071,251561,669523,55.89594427340062,-4.374165913709969
342,GD4101,253006,668735,55.8893125652614,-4.350648271666221
343,GD412U,252141,669184,55.89307907038975,-4.364712947001449
344,GD4151,253195,669295,55.8943980818102,-4.347932473723792
345,GD420U,252971,669409,55.89535328075334,-4.351573576596266
346,GD422U,252654,669578,55.89677373112934,-4.356730865736747
347,GD425U,254149,668785,55.89010892071414,-4.332414064156155
348,GD426U,254157,668777,55.89003951526273,-4.332281939076313
349,GD430U,253866,668734,55.88956524922099,-4.3369079735160225
350,GD505A,253196,669973,55.90048570623401,-4.348284357280302
351,GD505B,253188,669948,55.90025880857652,-4.348398637381267
352,GD510A,252618,670035,55.90086579146185,-4.3575550730061865
353,GD510B,252628,670013,55.90067133000429,-4.35738327777965
354,GD515A,252380,670014,55.900604340709535,-4.361347082498531
355,GD515B,252388,669992,55.90040927157975,-4.361207231173003
356,GD520A,252000,670009,55.90044280038739,-4.367417047043687
357,GD520B,252013,669986,55.900240296897664,-4.367196715831178
358,GD5221,253232,670863,55.908487401625,-4.348192026606883
359,GD523A,252901,670689,55.906824142614816,-4.353388135924873
360,GD524U,252360,670660,55.906398158258405,-4.362019329550431
361,GD526A,251530,670937,55.908629844397375,-4.375437389938855
362,GD527U,251873,670957,55.908915079459334,-4.369965821470023
363,GD528U,252056,671851,55.91699787023596,-4.367530017081157
364,GD530U,251844,671182,55.91092624607192,-4.370552661427408
365,GD532U,252834,671476,55.913869576300286,-4.3548874335555
366,GD5351,252790,670532,55.90538062039748,-4.35507683662273
367,GD537U,251951,670926,55.90866075165067,-4.36870208110082
368,GD5401,251366,670337,55.903192347741964,-4.3777289850876295
369,GD545U,251861,670395,55.90386564216696,-4.369849761350854
370,GD550U,251400,671794,55.91628399093664,-4.377986420707375
371,GD555U,251914,670690,55.90653051616506,-4.369164244604095
372,GD5601,251090,670690,55.906276338932436,-4.382334291503766
373,GE0051,259019,666521,55.871230546246046,-4.253424665548249
374,GE0101,259054,667279,55.87804684805155,-4.253260008498497
375,GE015A,259075,667630,55.881204608942966,-4.253107191659307
376,GE020A,259085,667783,55.88258131582275,-4.2530270565368085
377,GE025A,259086,667926,55.883865600577955,-4.253085490445124
378,GE0271,258962,668085,55.88525697151333,-4.255149225139333
379,GE0301,258917,668249,55.88671634294004,-4.255953585889455
380,GE032A,258814,668717,55.89088830725103,-4.25784322073152
381,GE0351,258742,669005,55.89345312574425,-4.259143945885871
382,GE0401,259402,668215,55.8865528478506,-4.248187376719284
383,GE0451,259837,668261,55.88709264043796,-4.241261452328261
384,GE0501,259811,667262,55.87811501451222,-4.241159719616553
385,GE052A,258543,669262,55.895702295199484,-4.2624581115414415
386,GE0551,258407,669481,55.89762870262141,-4.264745982224973
387,GE060A,258411,668502,55.888839553168516,-4.264169883277837
388,GE1801,260406,666831,55.87441774064581,-4.2314336885674635
389,GE1851,260414,666919,55.87521021955285,-4.231351250580637
390,GE1901,260452,667157,55.87735825282642,-4.230866906222565
391,GE1921,260933,667125,55.87720996220876,-4.2231675490807286
392,GE195A,261125,667145,55.877444912699346,-4.220111022214149
393,GE2151,260359,667473,55.880168709751345,-4.232515267779127
394,GE222A,260572,667697,55.88224171036332,-4.229228134497779
395,GE225A,260159,668226,55.886871951388535,-4.236098880567772
396,GE2271,260431,668131,55.88609781669033,-4.2317042614566684
397,GE2291,260804,667775,55.883009161473225,-4.2255620677728025
398,GE2301,260741,668014,55.885136968326094,-4.226691408356308
399,GE2351,260762,669157,55.89540617064986,-4.22694385113687
400,GE240A,260502,668884,55.89287963891955,-4.230957974466552
401,GE245A,260555,669095,55.89478957492162,-4.230219800497015
402,GE2501,260560,669300,55.896631735882174,-4.230245538458461
403,GE255A,262262,668608,55.89090790525384,-4.2026937925105186
404,GE255B,262251,668612,55.890940676640454,-4.20287159301317
405,GE270U,262799,668838,55.89312640769482,-4.194229818878404
406,GF002A,260508,666278,55.869481814885404,-4.229519947145494
407,GF005U,260687,666332,55.87001845240364,-4.226689150365868
408,GF010U,260896,666387,55.87057266261341,-4.2233796858171635
409,GF0151,261197,666470,55.87140470269105,-4.218615194868596
410,GF0161,261479,666612,55.87276087399066,-4.214184100040453
411,GF017U,261838,666706,55.8737079626758,-4.208498400622615
412,GF020U,262252,666966,55.87616107535134,-4.202018354955219
413,GF0251,262843,667209,55.8785116142617,-4.192701538080856
414,GF0301,263030,667246,55.87889703827763,-4.189733170368054
415,GF035U,263040,666961,55.876340762412795,-4.189429346156157
416,GF050U,263229,668668,55.89172221880767,-4.187272643277373
417,GF051U,263241,668672,55.89176154359491,-4.187082914825286
418,GF060U,263417,668450,55.88981806298104,-4.184158560897334
419,GF061U,263423,668442,55.8897479292253,-4.184058654311852
420,GF0651,263799,668504,55.89041111577058,-4.178081970406393
421,GF0701,263866,668438,55.88983741460243,-4.176978205452401
422,GF100U,261615,666922,55.875583501118435,-4.212170355102404
423,GF1501,261387,666032,55.86752648019259,-4.215356810770314
424,GF205A,262903,665998,55.867654686500266,-4.191130443639816
425,GF210A,263039,666171,55.86924677549333,-4.189046041975445
426,GF215A,263248,666451,55.87182034086368,-4.185849611028311
427,GF2201,263371,666607,55.87325600821297,-4.183963831937382
428,GF2251,263451,666711,55.87421253755874,-4.182738512850302
429,GF285U,263797,667206,55.87875526087388,-4.177461043659141
430,GF3051,264719,667723,55.88365738707904,-4.1629912160936655
431,GG0021,260615,665873,55.86587621139349,-4.227602957586782
432,GG005A,260793,665783,55.865119514388184,-4.224714422715193
433,GG010A,261063,665689,55.864353351308175,-4.220354935699656
434,GG012A,261403,665589,55.863553283257446,-4.21487484033632
435,GG015A,261547,665562,55.863352214538565,-4.212561764296054
436,GG0171,261729,665529,55.863108125184496,-4.209638899482831
437,GG0221,261716,665385,55.861811383368774,-4.209773037871974
438,GG0251,261916,665498,55.86288335654799,-4.206637252685414
439,GG0271,261656,665801,55.86552954244154,-4.2109432857938325
440,GG030A,262159,665459,55.86260269191283,-4.202737418430811
441,GG0351,262453,665437,55.86248910263413,-4.1980319464110325
442,GG0401,262532,665544,55.863472420899,-4.196824797436725
443,GG045U,262504,665868,55.86637374111959,-4.19743619702574
444,GG050A,262650,665692,55.86483499247433,-4.195015611782225
445,GG0601,263527,665456,55.86296488534848,-4.1808927736897665
446,GG0621,263842,665450,55.86300006239666,-4.175860019194417
447,GG063U,263031,665133,55.85992390145612,-4.18864942297343
448,GG064U,264424,665309,55.8618979467659,-4.166496414038903
449,GG065A,264340,665402,55.86270941628684,-4.167884175977847
450,GG065B,264343,665381,55.862521690548114,-4.167825767803641
451,GG070U,264692,665340,55.86225159078268,-4.162232688430245
452,GG070U,264692,665361,55.86244016126188,-4.162243167138785
453,GG075U,265226,665334,55.862347265771206,-4.15370313121536
454,GG080U,265603,665312,55.86225494110754,-4.147672489106405
455,GG080U,265601,665330,55.8624160170362,-4.147713345423865
456,GG090A,266336,665109,55.86063581072461,-4.135868215705843
457,GG090B,266333,665090,55.860464364769946,-4.135906751699515
458,GG0951,266758,664904,55.85891175220279,-4.12902944143997
459,GG097U,266531,664811,55.85801386513631,-4.132608013852129
460,GG1001,267326,664651,55.85679646458551,-4.119836802612837
461,GG1051,265218,665826,55.86676298908493,-4.154075451809227
462,GG1101,265162,666056,55.86881263359879,-4.155084135816149
463,GG1151,265081,666221,55.87027159960331,-4.156459843156807
464,GG1171,265009,666351,55.871418785145586,-4.157674479849649
465,GG1201,264917,666541,55.87309912608901,-4.159238529110402
466,GG125U,264686,666521,55.87285474003169,-4.162918014927412
467,GG130U,264853,666804,55.875442804307674,-4.160391898210087
468,GG137U,266082,666363,55.871825845100204,-4.1405432542071186
469,GG1551,266710,665687,55.865929620951356,-4.130180704570636
470,GG1601,266899,665789,55.866897770537925,-4.1272126122411885
471,GG1751,267185,665976,55.86865586353922,-4.122736928535358
472,GG180A,267036,665849,55.86747436035289,-4.12505420888201
473,GG2001,260076,665239,55.86002733250314,-4.235882553993717
474,GG2021,260220,665201,55.8597278874516,-4.233563920671204
475,GG2051,260283,665185,55.85960247835759,-4.232549851439549
476,GG210A,260521,665118,55.85906977139591,-4.2287156090840625
477,GG2151,260890,665023,55.85832333231429,-4.222775677480027
478,GG220A,261069,665026,55.85840187002493,-4.219919467971724
479,GG225A,261218,665029,55.858471709183604,-4.2175421999447185
480,GG230A,261392,665028,55.858512771566474,-4.214763747782369
481,GG2351,261551,665011,55.858405797143135,-4.212216599738623
482,GG240A,261940,664964,55.858095289777566,-4.2059821981488295
483,GG2501,262402,664894,55.85759877436191,-4.198570770102877
484,GG2521,262566,664951,55.858157360739604,-4.195981387133157
485,GG255A,262208,664907,55.85766011603019,-4.2016745785129395
486,GG2571,262440,664651,55.85542763455724,-4.197840874203408
487,GG2581,262546,664592,55.8549280732588,-4.196118782703772
488,GG2591,263098,664394,55.85330714657383,-4.187206737741597
489,GG2601,263292,664354,55.853002992229854,-4.184089685991008
490,GG2602,263424,0,49.88397697477551,-3.9013702186428088
491,GG261U,263185,664297,55.852460827642524,-4.185769012856227
492,GG2621,263770,664400,55.85355128566,-4.176482306860321
493,GG265U,264136,664357,55.853268398785154,-4.170618086690899
494,GG267A,263594,664294,55.8525497226481,-4.179238601530477
495,GG268A,263783,664260,55.852297830307855,-4.176204494986882
496,GG2701,263968,664224,55.85202677580132,-4.173233275147345
497,GG272A,264085,664205,55.8518891458199,-4.171356086936861
498,GG2751,264288,664183,55.851748751502214,-4.168104599383779
499,GG280A,264490,664165,55.851643908319105,-4.164871093572091
500,GG2851,265194,664033,55.850655854991516,-4.153567554456044
501,GG287U,264524,664265,55.85255141335345,-4.164378282465018
502,GG2881,264642,664231,55.85227923543127,-4.1624776506858305
503,GG2891,264751,664238,55.85237266693244,-4.160741149156552
504,GG291U,265160,664541,55.85520799314162,-4.154362741857
505,GG292U,265240,664603,55.85578708796961,-4.153116380489489
506,GG293U,265275,664581,55.85559931455792,-4.152546688654783
507,GG2941,264855,664234,55.852365897768564,-4.159078976446567
508,GG2951,264845,664139,55.85151003586572,-4.159191290210292
509,GG3001,264742,664161,55.85167871647827,-4.160846435781134
510,GG3051,266585,663919,55.85001887949554,-4.131307217063925
511,GG306A,267110,663886,55.84986745643322,-4.122910653201216
512,GG306B,267122,663881,55.84982586297753,-4.12271665346395
513,GG308U,267261,663916,55.85017842355827,-4.120514967511052
514,GG309U,267269,663910,55.85012674593972,-4.1203843306242085
515,GG3101,267793,663905,55.85022573916599,-4.112017371169698
516,GG315U,267968,663917,55.85038142670376,-4.109229700467231
517,GG320U,268124,664037,55.85150168526652,-4.1067977905977004
518,GG3251,268313,664174,55.852783565394965,-4.103847180787553
519,GG3252,268372,664166,55.852727830113224,-4.102901422267147
520,GG330A,268181,664982,55.86000325566405,-4.1063470680280325
521,GG3321,268164,665114,55.86118395167679,-4.1066826755881225
522,GG335A,268118,664255,55.853457659670035,-4.106999530746646
523,GG335B,268104,664242,55.85333709311789,-4.107216710667455
524,GG3401,267938,664358,55.85433333650304,-4.10992322947259
525,GG345U,268182,664672,55.85721976644222,-4.106180439606733
526,GG3501,268192,664875,55.85904541545849,-4.106119429968894
527,GG400A,267878,663368,55.84542683651569,-4.110399116696432
528,GH002A,260041,664740,55.855536601154526,-4.236183873756024
529,GH0101,260328,664758,55.855781423118316,-4.231611533436778
530,GH0151,260737,664707,55.8554417547697,-4.225056093783706
531,GH020A,260937,664650,55.8549876470222,-4.221834103779007
532,GH025A,261318,664574,55.85441492492919,-4.215713071407036
533,GH0301,261431,664552,55.85424985853782,-4.213897956407304
534,GH0401,261417,664385,55.85274630171959,-4.214036145573573
535,GH050A,261568,664522,55.854019819803916,-4.211695652217206
536,GH0901,262535,664407,55.85326375748633,-4.196200651250839
537,GH1001,261836,664449,55.853441174013916,-4.207380278457472
538,GH1021,262197,664389,55.853005684772214,-4.201587070608422
539,GH1051,262540,664188,55.85129870268283,-4.196009890161267
540,GH108U,262809,664014,55.84981286815788,-4.191628016097484
541,GH110A,262939,663931,55.849104530359625,-4.1895110508387905
542,GH115A,263221,663723,55.84731684485866,-4.184905040468057
543,GH117U,263379,663560,55.84589796252053,-4.182301167580494
544,GH1201,263841,663361,55.84424164313657,-4.174827628899495
545,GH125A,264002,663307,55.84380215486945,-4.172231049661571
546,GH127U,264502,663167,55.842685682486504,-4.164181329489794
547,GH195A,259957,664624,55.85447064236312,-4.237464948103654
548,GH195B,259929,664576,55.85403151493311,-4.2378871388148625
549,GH2001,260068,664517,55.85354209255528,-4.235637833810729
550,GH202A,260186,664402,55.85254371071693,-4.233694946283598
551,GH2051,260407,664174,55.85056047002226,-4.230049925165314
552,GH207U,260594,664402,55.85266179755179,-4.227182202239959
553,GH210A,260700,664021,55.84927135155549,-4.225294577466084
554,GH2151,261348,663961,55.84891927221605,-4.214920941722899
555,GH2201,261740,663895,55.84843914237076,-4.208630480700637
556,GH225A,262058,663844,55.848072226800355,-4.203528903964689
557,GH2601,262219,663816,55.84786681220782,-4.200944958543603
558,GH2621,262495,663661,55.84655375407585,-4.196461192358238
559,GH2671,262597,663572,55.84578364901097,-4.1947881692478814
560,GH2701,263536,662893,55.839953086025446,-4.179460129702548
561,GH3051,260359,663816,55.847332040578785,-4.230631890390041
562,GH307A,260442,663595,55.845371660698504,-4.2291935486061485
563,GH3101,260712,663260,55.842441649547446,-4.224712554512808
564,GH312A,260640,663127,55.8412266283882,-4.225793302867695
565,GH315U,260685,663764,55.84695936886178,-4.225402079697074
566,GH3171,260929,663285,55.84272871877566,-4.221262357270165
567,GH320A,261019,663614,55.84570881457431,-4.219994505084599
568,GH322A,261237,663588,55.84553810009102,-4.216501950093748
569,GH3251,261114,663482,55.84455091108439,-4.218410779768154
570,GH3271,261243,663278,55.842756258453406,-4.2162477458117635
571,GH3301,261369,663106,55.84124804036673,-4.214149124077469
572,GH335A,261457,663026,55.840554970751015,-4.212703989701875
573,GH3361,261527,261527,52.2341012693419,-4.027965085519281
574,GH337A,261640,662825,55.83880263483061,-4.209681284714001
575,GH337B,261643,662834,55.83888430856728,-4.209637998403914
576,GH340A,261378,663393,55.84382767482937,-4.214152032803441
577,GH3451,261661,663656,55.846270446813506,-4.209769596860987
578,GH4201,266410,662845,55.84032620980869,-4.133572134099465
579,GH4251,267141,662801,55.84013290432526,-4.121884790166489
580,GH4351,265639,662629,55.838172552491876,-4.145769266526374
581,GH4371,265171,662522,55.83708121374498,-4.153184272039941
582,GH4401,264801,662436,55.8362054638696,-4.159045561202308
583,GH4501,264102,662331,55.83506630652263,-4.170146659546652
584,GH4502,264067,662325,55.835002573753606,-4.170702119247918
585,GH4521,264062,662446,55.83608768934593,-4.170842455146279
586,GH4522,264120,662441,55.836059123553994,-4.169914477492007
587,GH4551,264175,662562,55.837161129049534,-4.16909738024607
588,GH4601,264051,662634,55.837772743042734,-4.1711120788165115
589,GH4751,264839,662291,55.83491406351879,-4.158367055988701
590,GI0051,259304,663623,55.84529257665867,-4.247369962259268
591,GI010A,259622,663426,55.84361631994582,-4.242192981899428
592,GI010B,259618,663419,55.84355230259862,-4.242253197537457
593,GI012U,259715,663274,55.84227854326363,-4.240630273893063
594,GI013U,259729,663269,55.84223771755109,-4.240404274998241
595,GI0251,260364,662808,55.83828248849297,-4.230033667251519
596,GI0301,260562,663040,55.84042290722948,-4.22699335014503
597,GI0401,260155,662800,55.83815014061987,-4.233364501229659
598,GI0551,259855,662870,55.838691658517305,-4.238187607066837
599,GI057U,259720,663002,55.839837679952375,-4.240409961761339
600,GI058U,259715,662994,55.83976439367105,-4.240485615320894
601,GI0601,259803,662806,55.83810189200819,-4.238984322940055
602,GI0651,259761,662762,55.83769460860279,-4.239631778670273
603,GI130A,260102,661791,55.82907481104697,-4.23369059712598
604,GI1351,260008,661803,55.82915531334339,-4.235196353862726
605,GI1501,260596,659885,55.81210329565633,-4.2248325392869885
606,GI155A,260147,659278,55.806523143963915,-4.231680297161136
607,GI1571,260232,659159,55.80547921121307,-4.230263960567185
608,GJ0051,259254,662554,55.83567937743951,-4.247613852186937
609,GJ0071,259509,662479,55.835080235636624,-4.243506402277075
610,GJ011A,259266,662193,55.8324414306622,-4.247235365575482
611,GJ0131,259287,662121,55.831801058762196,-4.246863037612887
612,GJ0141,259315,661829,55.82918732662878,-4.246265140367146
613,GJ0151,259332,661749,55.82847395293426,-4.245952530032596
614,GJ0161,259403,661768,55.82866523703331,-4.244829728003804
615,GJ0171,259518,661775,55.82876156668427,-4.242998790398743
616,GJ019A,259343,661662,55.82769597668815,-4.245732022066278
617,GJ020A,259354,661522,55.82644210777569,-4.245484095925056
618,GJ025A,259172,661178,55.82330025446736,-4.248209077049096
619,GJ0301,259106,660850,55.82033586364749,-4.249091817599304
620,GJ0321,259496,660802,55.82001848635324,-4.242846805553565
621,GJ0351,259100,660726,55.81922070677646,-4.249123255186955
622,GJ0401,259477,660682,55.818935463785735,-4.243087821766492
623,GJ095A,259342,660349,55.81590612177395,-4.245068651070527
624,GJ100A,259373,660096,55.81364343069803,-4.244443469847566
625,GJ105A,259431,659799,55.810993510136036,-4.2433650984306395
626,GJ110U,259498,659705,55.81016896092506,-4.242248208001306
627,GJ111U,259467,659644,55.80961221722264,-4.242710997676978
628,GJ112U,259342,658747,55.80152155901051,-4.244240488868949
629,GJ113U,259401,659679,55.80990728464477,-4.243781445946095
630,GJ114U,259460,659631,55.809493452261286,-4.24281589667237
631,GJ115U,259406,658978,55.80361436420003,-4.243339544916502
632,GJ120U,259134,658445,55.79874928185363,-4.247400059429129
633,GJ210A,258502,663484,55.84380997027842,-4.260096879567028
634,GJ215A,258411,663314,55.8422568509013,-4.261460462547407
635,GJ220A,258345,663049,55.83985805367069,-4.262375446021649
636,GJ225A,258321,662939,55.83886332157343,-4.262701026172008
637,GJ2301,258295,662828,55.83785902242182,-4.263057981015765
638,GJ235U,258458,662783,55.8375027986866,-4.2604336626935515
639,GJ2401,258262,662698,55.83668206619256,-4.263516693588548
640,GJ245U,258405,662646,55.83625713178539,-4.2612079138687005
641,GJ247U,258482,662617,55.83601932381733,-4.259964224214671
642,GJ250A,258232,662561,55.835443136640706,-4.263923860231143
643,GJ252A,258209,662468,55.834601336658785,-4.264242285495849
644,GJ2551,258189,662357,55.833598795784944,-4.264503437668029
645,GJ2601,258931,662647,55.8364201337758,-4.252815759824081
646,GJ2701,258817,663155,55.840948143940494,-4.2548988037828686
647,GJ275A,258761,662901,55.83865108769256,-4.255660319164831
648,GJ2801,258748,662700,55.83684250071515,-4.2557632170286395
649,GJ282A,258754,662604,55.83598227075445,-4.2556175594377015
650,GJ2851,258780,662506,55.83510993430318,-4.255151765482025
651,GJ290A,258814,662283,55.83311755700741,-4.254493390077833
652,GJ3001,258304,661937,55.8298613938562,-4.2624496326326735
653,GJ302U,258261,661853,55.82909453673353,-4.263091793674948
654,GJ304A,258388,661720,55.827937598384565,-4.260996500352944
655,GJ3051,258162,661626,55.82702723427588,-4.264552624343582
656,GJ3101,258567,661727,55.82805292037818,-4.2581446999017345
657,GJ315A,258627,661602,55.82694811502384,-4.257122539451576
658,GJ318A,258656,661332,55.82453226748144,-4.2565195275393695
659,GJ3201,258628,661278,55.82403920306905,-4.256938065769832
660,GJ325A,258444,661056,55.82199195784175,-4.259757374464142
661,GJ3301,258763,660916,55.820828293266516,-4.254596658275144
662,GJ3351,258774,660676,55.81867653767604,-4.2542965586409105
663,GJ342U,258436,660527,55.81723971183344,-4.25960955282141
664,GJ3551,258401,660653,55.81836080873846,-4.260233335588326
665,GJ360U,258315,660552,55.817428707997045,-4.261552261028571
666,GJ3651,258341,660525,55.817193900857184,-4.26112355167437
667,GJ370A,258233,660386,55.815914132220925,-4.2627734507651205
668,GJ3751,258034,660161,55.8138354132889,-4.265829502781745
669,GJ380A,257859,659933,55.81173674558852,-4.2685009710177715
670,GJ3851,257713,659609,55.808784582358435,-4.270659556456942
671,GJ387U,257402,659746,55.809923008867976,-4.275690000293295
672,GJ3901,257377,660849,55.81981938091229,-4.2766670055822305
673,GJ3951,257349,660216,55.814127457688635,-4.276781527730233
674,GJ400U,257425,661150,55.82253620707546,-4.27605931645323
675,GK0051,258518,663770,55.846382650337965,-4.259990597785841
676,GK015A,258458,663511,55.844039497866596,-4.260813137978638
677,GK020A,258375,663337,55.842452802907296,-4.2620469485603465
678,GK0251,258234,663162,55.84084008203662,-4.2642056689231636
679,GK0301,258065,662889,55.8383391536029,-4.266759781164715
680,GK0351,257984,662752,55.8370852105861,-4.267980608473423
681,GK037A,257907,662675,55.83637116963891,-4.2691689245626865
682,GK0401,257840,662608,55.83574985217984,-4.270202878471776
683,GK045A,257667,662453,55.83430713617879,-4.272881918806354
684,GK0501,257361,662162,55.83160395271472,-4.277611241980779
685,GK0551,257231,662052,55.830577846998516,-4.279627393282486
686,GK057U,256980,661938,55.82947996364938,-4.2835715958627825
687,GK070A,257105,661934,55.82948106197407,-4.281575420877781
688,GK075A,256926,661588,55.82632136492141,-4.284248769230099
689,GK0801,256866,661328,55.82396908051215,-4.285068928455515
690,GK0851,256808,661031,55.821285166088,-4.285837606258012
691,GK0901,256700,660490,55.81639557491123,-4.287275009380187
692,GK095A,256516,660188,55.81362934328596,-4.2900499625264565
693,GK0971,256442,660665,55.817890258516144,-4.291481747239016
694,GK100U,256599,661101,55.8218516696841,-4.2892078995744765
695,GK1051,256174,660828,55.81927407168322,-4.2958419408826245
696,GK110U,256327,661503,55.825380302727744,-4.29375858532942
697,GK1501,257647,663752,55.84596483352187,-4.273881975861039
698,GK1521,258062,663491,55.843743594817866,-4.267122330135385
699,GK1551,257987,663254,55.84159352036012,-4.268195258816963
700,GK157A,257926,663095,55.840147915177035,-4.26908548517479
701,GK1601,257729,662871,55.83807860207428,-4.272111674214702
702,GK165U,257570,662784,55.83725054108053,-4.274603081609367
703,GK1701,257069,662478,55.83435490547431,-4.282435898972723
704,GK1801,256831,662483,55.83432926708116,-4.286235711363553
705,GK195U,257492,663095,55.840019951646305,-4.276010830649324
706,GK2001,257781,663329,55.84220627173028,-4.271521819289122
707,GK202U,256937,663752,55.84575483367094,-4.2852130828864965
708,GK2051,256749,663372,55.84228710700347,-4.2880128977493355
709,GK210U,256635,663096,55.83977510259917,-4.289686357505136
710,GK2151,256232,662546,55.834716894285116,-4.295825750684345
711,GK2201,256299,662168,55.83134286598842,-4.2945568524116915
712,GK2231,256293,661967,55.82953634402276,-4.294546266218679
713,GK2251,256255,661738,55.82746888950093,-4.295031328056926
714,GK230A,256050,661518,55.82543248469875,-4.2981848791325925
715,GK230B,256061,661518,55.825435763896095,-4.298009421035967
716,GK2331,253512,659343,55.805140890384024,-4.337495447536092
717,GK235A,255942,661337,55.82377511990598,-4.299811630714444
718,GK235B,255951,661337,55.82377780475041,-4.299668080359309
719,GK2371,253351,659414,55.80572953318258,-4.340100363237332
720,GK305U,255872,661013,55.82084511440003,-4.300756361249235
721,GK3071,256007,660914,55.81999648589858,-4.298550836203291
722,GK310U,255805,660926,55.82004396276392,-4.301778792311308
723,GK312U,255838,660650,55.81757567626759,-4.301106165901235
724,GK3151,255771,660480,55.81602928514477,-4.302084488162246
725,GK320U,255625,660308,55.81444132416998,-4.304321421603245
726,GK3251,255402,660123,55.812713558643836,-4.307779065352146
727,GK3501,254359,254359,52.16784575248981,-4.129782679135773
728,GK3551,254251,660296,55.813920973037334,-4.32622474427939
729,GK360U,253575,660073,55.81171432658287,-4.336883938942428
730,GK3951,252728,660765,55.817669958648246,-4.350763666521808
731,GK400U,252995,661221,55.82184547834683,-4.34675235347503
732,GK401U,253013,661228,55.82191380656634,-4.346469061098126
733,GK4021,253035,661288,55.82245921036794,-4.346150623747015
734,GK4031,253206,660917,55.81918020041782,-4.343223036911407
735,GK4051,254199,661282,55.82275817698622,-4.327582590459792
736,GK4071,253897,661330,55.823097872989216,-4.332425065209277
737,GK408U,253565,661074,55.82069880967376,-4.337582358724867
738,GK4101,253586,661385,55.823497498489644,-4.337414934696199
739,GK4121,253720,661364,55.8233495593677,-4.33526639857703
740,GK413U,253448,661418,55.823751928109004,-4.339633753682697
741,GK414U,253446,661408,55.8236615360336,-4.339660261568659
742,GK415U,253224,661481,55.82424953957579,-4.343240468767356
743,GK416U,253227,661468,55.82413373111809,-4.343185600202342
744,GK420U,253201,661534,55.824718407608074,-4.343635935638235
745,GK421U,253214,661531,55.82469542411606,-4.343426966490758
746,GK425U,253130,661451,55.82395160415586,-4.3447235340731325
747,GK426U,253143,661453,55.82397351486921,-4.3445172697093435
748,GK430U,253135,661543,55.824779144706376,-4.344693493045008
749,GK431U,253142,661553,55.8248710584525,-4.344587246277717
750,GK435U,253108,661517,55.82453749166442,-4.345110090898722
751,GK436U,253110,661505,55.824430358377896,-4.345071706549496
752,GK4371,253364,661689,55.826159601008236,-4.341119713866887
753,GK440U,253500,661981,55.82882260796863,-4.33910784156806
754,GK441U,253511,661982,55.828834924166536,-4.338932912351579
755,GK445U,253580,662323,55.83191752710482,-4.3380159984418
756,GK446U,253573,662306,55.83176276927625,-4.338118507081082
757,GK4501,252040,661274,55.822029683578364,-4.3620120835494065
758,GK4551,251609,660919,55.81871013455112,-4.368692162898537
759,GK4571,252052,661645,55.825364333903075,-4.362022618043474
760,GK4581,252072,662163,55.83002125236,-4.361985574555654
761,GK4591,252064,661959,55.82818721610685,-4.362002133107344
762,GK4601,252130,662649,55.834402502786645,-4.361324874463005
763,GK4651,252107,662408,55.83223167312517,-4.361560613324584
764,GK4671,252062,662733,55.83513584813177,-4.362455470789165
765,GK4701,251919,662969,55.837210885017306,-4.364865546699975
766,GK475U,252638,662539,55.833570231042444,-4.35316069033187
767,GK476U,252645,662526,55.83345564860964,-4.353041964911632
768,GK4951,254160,658932,55.80164668195558,-4.326944750557751
769,GK5001,253675,659214,55.804032040262,-4.334827543348234
770,GK5002,253626,659263,55.804457150452066,-4.335635032358642
771,GK5021,253462,659232,55.8041291119077,-4.338232782304804
772,GK5022,253417,659220,55.80400772164473,-4.338943689961051
773,GK5051,253903,659085,55.802942785316155,-4.3311236148703545
774,GK507U,253407,659682,55.80815277286306,-4.339351970978417
775,GK5101,252877,659694,55.80809942455595,-4.3478083142713855
776,GK512U,252376,659642,55.8074797364774,-4.3557675509465215
777,GK5131,252528,660003,55.81076736956084,-4.353539914351951
778,GK5141,252659,659900,55.809882558157796,-4.351395452112497
779,GK516A,252203,660297,55.81330770663602,-4.358881463095428
780,GK516B,252196,660285,55.81319782415742,-4.358986558321882
781,GK520A,252069,660592,55.81591531486736,-4.3611785460648145
782,GK5251,252152,660451,55.81467477346921,-4.359778369173619
783,GK550U,251979,659624,55.80719667065521,-4.362087003777156
784,GL0051,257948,664188,55.84996835540317,-4.269306370680565
785,GL010A,257825,664190,55.84995007892236,-4.271270631827634
786,GL0151,257575,664189,55.84986735660487,-4.275260366058558
787,GL025U,257515,664324,55.85106178654625,-4.276288907001175
788,GL0271,257525,664407,55.851809986378036,-4.27617287105491
789,GL0301,257943,664260,55.85061336488259,-4.269423865883146
790,GL0351,257940,664385,55.85173484544993,-4.269537188509259
791,GL0401,257989,664643,55.85406583304873,-4.268890092129142
792,GL0451,257808,664627,55.85386884673024,-4.271770966249263
793,GL0521,257547,664621,55.85373796193375,-4.275934063766317
794,GL0551,257471,664629,55.85378734153582,-4.277151421119482
795,GL060A,257251,664588,55.85335415102264,-4.280641610589254
796,GL065A,257077,664545,55.85291653638261,-4.283396407192913
797,GL070A,256902,664503,55.85248754270477,-4.286167629636348
798,GL080A,256487,664456,55.85194225036065,-4.292766954281981
799,GL085A,256228,664416,55.85150597629724,-4.29687981853278
800,GL085B,256235,664406,55.851418275126775,-4.2967627905520045
801,GL088A,256099,664379,55.851135298762834,-4.298919219118356
802,GL090U,255711,664480,55.85192624823153,-4.3051658667363615
803,GL095A,255689,664314,55.8504292051332,-4.305428740874458
804,GL0971,255544,663030,55.83885717661859,-4.3070598316345485
805,GL0981,255534,663238,55.84072175128479,-4.3073300465948625
806,GL0991,255520,663546,55.84348299546025,-4.307717335404874
807,GL1001,255517,663332,55.841560658535464,-4.307651330794006
808,GL102U,255930,663635,55.84440468995844,-4.301221752736691
809,GL1051,255484,663677,55.84464842199694,-4.30836155730443
810,GL1101,255479,664134,55.848750178364526,-4.308684667366109
811,GL1151,255415,664253,55.84979946294083,-4.3097695140286305
812,GL117U,255372,664393,55.85104358546948,-4.310530430795646
813,GL1251,254884,664280,55.849882449031966,-4.318258977994973
814,GL1301,254635,664051,55.847751387683516,-4.3221104853036305
815,GL1351,254177,663948,55.846688385292346,-4.329364616932341
816,GL1401,253945,663904,55.84622315566659,-4.333043441958939
817,GL142A,253844,663892,55.84608482898773,-4.33464882354373
818,GL142B,253856,663881,55.84598970027649,-4.3344513960101
819,GL1451,254107,663746,55.84485355925417,-4.330373188417948
820,GL1501,254390,663555,55.84322413834132,-4.325754528748135
821,GL155A,254681,663406,55.841974050682126,-4.321031074245293
822,GL160U,253886,663168,55.839597101987394,-4.333588927145092
823,GL165A,253845,662848,55.83671155951423,-4.334070920189125
824,GL165B,253855,662850,55.83673254459243,-4.333912446838196
825,GL167U,253335,663381,55.841342380627424,-4.342495752604802
826,GL1691,253466,663865,55.84572775844591,-4.340666645379805
827,GL1701,253350,663858,55.84562966612628,-4.342514055179335
828,GL1711,253406,664213,55.84883403745641,-4.341812105710488
829,GL1751,253524,664467,55.85115040956983,-4.340065937405485
830,GL180U,253561,664677,55.85304712132854,-4.339588718881412
831,GL1821,253112,663865,55.845620119076614,-4.346315957950941
832,GL1851,252639,663911,55.845888897068654,-4.353889244171783
833,GL187U,252583,663612,55.84318725424309,-4.354620557176028
834,GL1901,252351,663897,55.84567515474018,-4.358477658680948
835,GL192A,252347,664022,55.84679622504784,-4.358609484806711
836,GL1951,252061,663880,55.845433693489944,-4.363096299539317
837,GL1961,252041,663396,55.841082049779885,-4.363151699468506
838,GL1962,252061,663530,55.842291278075095,-4.3629055797409855
839,GL199U,252167,664166,55.84803398617143,-4.361560492080798
840,GL200U,252179,664172,55.84809153303864,-4.361372248560043
841,GL2011,252122,664687,55.85269790209255,-4.3625625584616365
842,GL203U,252077,664917,55.85474911662536,-4.363406205449548
843,GL204U,252094,664929,55.85486206965755,-4.363141393419225
844,GL2051,254654,664786,55.854356369946856,-4.322200925740441
845,GL2071,254254,664893,55.855196373369616,-4.328643306520578
846,GL210U,254074,664939,55.85555496020225,-4.331541309238893
847,GL215A,253739,665037,55.85633338046127,-4.3369416312584
848,GL215B,253743,665046,55.856415399778186,-4.336882631762568
849,GL220U,253542,665165,55.85742284182609,-4.340155434724121
850,GL2251,253138,665443,55.85979598718065,-4.346755131629944
851,GL228A,255220,665827,55.86387334273874,-4.313721894580165
852,GL230A,252903,665928,55.86407887909323,-4.350769803695341
853,GL230B,252903,665939,55.86417764126256,-4.350775771280769
854,GL250U,253676,665261,55.85832544881695,-4.3380681280519084
855,GL255U,253698,665246,55.858197446210966,-4.3377088346707575
856,GL2601,253963,665899,55.86414072007617,-4.333830081890906
857,GL2621,256361,664825,55.85521790645173,-4.2949734703636615
858,GL2651,256587,664942,55.85633567401356,-4.291427683439097
859,GL268A,256745,664991,55.85682259007832,-4.288931328420503
860,GL268B,256745,664997,55.856876462773435,-4.288934497019848
861,GL2701,256935,664952,55.85652881503432,-4.285877652691053
862,GL2702,256924,664961,55.85660636116252,-4.286057999236927
863,GL2721,256148,664909,55.85590863942581,-4.298418117438706
864,GL275A,256147,664987,55.8566086816072,-4.298475442790865
865,GL275B,256154,664988,55.85661974814548,-4.298364228553096
866,GL2801,257057,664907,55.856160942114975,-4.283906378275096
867,GL2802,257058,664925,55.85632285715838,-4.283899899467381
868,GL285A,257128,664954,55.856603984167116,-4.2827977241550865
869,GL285B,257125,664965,55.856701862488364,-4.282851408795145
870,GL295A,255745,665520,55.861274246789456,-4.305176223325634
871,GL297A,256094,665320,55.85958278263521,-4.299498177848096
872,GL3001,253983,665976,55.864838120890205,-4.333552225487252
873,GL305A,254467,665885,55.86416740838733,-4.32577556892035
874,GL3071,254401,665868,55.86399484779389,-4.326820214839681
875,GL310A,254343,665812,55.86347453260246,-4.32771617212534
876,GL310B,254352,665809,55.86345031568068,-4.327570866808593
877,GL315A,254132,665919,55.86437144707097,-4.331142551054943
878,GL320U,254204,665995,55.8650755907653,-4.330033843190709
879,GL325A,254952,665854,55.86403521811491,-4.318015297747814
880,GL3301,255057,665813,55.863698670940295,-4.3163169149803835
881,GL3302,255058,665821,55.86377080034354,-4.316305225168207
882,GL332A,255082,665665,55.86237735209767,-4.315838662965499
883,GL3351,255253,665640,55.86220424839307,-4.313095184322272
884,GL3371,255361,665629,55.862137891034486,-4.311365027295049
885,GL340A,255450,665720,55.862981635455526,-4.309992594597771
886,GL341A,255462,665614,55.86203349653637,-4.309744502792474
887,GL341B,255471,665622,55.86210802333363,-4.309605076163462
888,GL3451,255544,665623,55.86213887670223,-4.308440117057817
889,GL350U,255224,665192,55.85817311903648,-4.313319037211838
890,GL3551,254924,664480,55.85169020174607,-4.317727478105821
891,GL4101,253816,666037,55.86533520365936,-4.336251512836158
892,GL4151,253697,666099,55.865855772974456,-4.3381849993587025
893,GL4251,253388,665882,55.8638135894968,-4.343001398447285
