,site,latitude,longitude
0,GC2381_T,55.88630723491306,-4.376194906434908
1,GC2381_R,55.88791083146969,-4.37786019327798
2,GC4151_E,55.859850564150236,-4.283489648996855
3,GC4151_A,55.8608948225885,-4.284365958508686
4,GB0501_A,55.85490068373861,-4.259519372285603
5,GB0751_V,55.84708106668321,-4.2610144172166216
6,GG1751_B,0.0,0.0
7,GD0351_B,55.87708647961258,-4.287475433401904
8,GD0351_A,55.88038589643985,-4.297071000505625
9,GG0401_V,55.862871060235996,-4.1990931697624605
10,GA4871_H,55.86034128841466,-4.240179386155298
11,GC1401_E,55.869042320465105,-4.29280457054792
12,GA5151_P,55.8569387815591,-4.2449050372045525
13,GA4501_V,55.86577968002779,-4.24849986694222
14,GC0151_A,55.86461833542953,-4.283737543619468
15,GH4601_F,55.83846655153768,-4.172001162280879
16,GB0301_D,55.85312123364121,-4.263426415815837
17,GH3101_V,55.841274634134294,-4.227054945785894
18,GB1101_B,55.85147429775186,-4.251795373003277
19,GJ3351_R,55.81863120470836,-4.256362339593715
20,GA4721_S,55.85617173990171,-4.248519911070388
21,GA2151_S,55.86381803876785,-4.255993857153411
22,GJ3201_R,55.824415626052996,-4.259491328371662
23,GA5471_D,55.865429441247855,-4.236157121242562
24,GG2751_A,55.851832996130206,-4.171868295482324
25,GG0021_A,55.866274011917426,-4.234191837483145
26,GL1901_T,55.8465731249378,-4.359822404393915
27,GE2151_V,55.87751512516915,-4.232327674886967
28,GH050A_S,55.85421786382005,-4.2145339944393285
29,GA4551_T,55.8612326826725,-4.248956214731358
30,GB0351_T,55.85212573722932,-4.263799903239597
31,GA5751_T,55.86923861751409,-4.238709782908749
32,GF0301_D,55.87810851407746,-4.190810017915082
33,GA4801_A,55.860046502106684,-4.250421761202082
34,GK0901_A,55.816878215974036,-4.289926164610442
35,GH3251_R,55.84298582118689,-4.217904346725376
36,GJ0301_R,55.820379836075325,-4.25167437821006
37,GK020A_C,55.84087991674137,-4.265398136614238
38,GA0601_V,55.86102226515053,-4.266299138880772
39,GA5551_D,55.85472534545321,-4.240607069305779
40,GG240A_A,55.8583431459003,-4.2125316422521255
41,GC1621_B,55.86924050999107,-4.308161178945728
42,GB0301_A,55.85243248855818,-4.264712471382824
43,GI1571_D,55.80580860890381,-4.232098042596065
44,GJ0071_R,55.83560766060047,-4.248562169709127
45,GC1351_B,55.86543668629364,-4.2866145197444485
46,GB1351_F,55.85171231500156,-4.2481184826685405
47,GB0701_D,55.85159769553717,-4.25927968434419
48,GK0551_R,55.83119757019917,-4.282560076550379
49,GA5251_V,55.85772588028365,-4.242649422412462
53,GA5251_S,55.85887234945319,-4.240398430222887
54,GB1321_N,55.84823488775151,-4.253972343846086
55,GA2701_B,55.8636094896864,-4.254623310621573
56,GG0021_B,55.86542163382194,-4.227669993143565
57,GB1201_A,55.84836128637019,-4.2563919684235225
58,GA1201_C,55.867494195510396,-4.26087421923302
59,GH3451_M,55.84394006774664,-4.215323069961597
60,GE2151_T,55.8808914206466,-4.233976515263664
61,GH4502_H,55.83512575699532,-4.171351721292332
62,GH2621_A,55.84506471201471,-4.194700764034135
63,GA4371_A,55.86316265056062,-4.2490837627946565
64,GJ0141_X,55.82869845154642,-4.247460766100899
65,GA4701_C,52.21324949527458,-4.0618034374559695
66,GK0801_H,55.82306308822964,-4.28695291080851
67,DD1701_C,55.89198288109072,-4.386650157412388
68,GH1001_C,55.853719920746975,-4.208737761770545
69,GA1301_P,0.0,0.0
70,GA4401_Y,55.86477919409067,-4.249640707541476
71,GB0051_W,55.853540292555245,-4.264585204313944
72,GD3051_C,55.87400206533204,-4.2632668103669165
73,GH2201_S,55.84890183931829,-4.215781178523725
74,GC2411_M,55.889992758957774,-4.382673577423567
75,GA5601_P,55.86397205902586,-4.237224044030398
76,GB0451_B,55.85373689021758,-4.25878073708297
77,GA1251_T,55.86841445512926,-4.260192455671685
78,GG1201_A,55.87393663528762,-4.158363765317664
79,GC1401_H,0.0,0.0
80,GC1401_G,55.86717461991006,-4.289817463685202
81,GB0151_F,55.8512897849695,-4.26429449092712
82,GJ2551_S,55.833077085042184,-4.264513091504816
83,GD0451_S,55.878115143327186,-4.290637604140634
84,GC2331_B,55.88331230879317,-4.350091473069663
85,GK0301_B,55.837862596822774,-4.2647754035653564
86,GC2151_A,55.876913699097315,-4.3420466351747615
87,GD2721_S,55.896706970909776,-4.2994914192201605
88,GL1691_S,55.84588300216375,-4.337128156919709
89,GG2351_V,55.857672880996226,-4.213819803951635
90,GA4851_R,52.21415502383497,-4.060410821801981
91,GA0251_A,55.86625907157404,-4.272789630918691
92,GA5471_B,55.8661546764245,-4.234824293822307
93,GG0021_C,55.86537274202821,-4.229872766495637
94,GL0401_V,55.85343732385329,-4.270171396142665
95,GA2001_B,55.86152788882549,-4.256883840179388
96,GG220A_B,55.858406263562145,-4.2190069285042595
97,GG220A_A,55.858292854134255,-4.223794303736367
98,GG3001_C,55.85205108650491,-4.163061327514063
99,GA5501_A,55.86888802928426,-4.2357485677687325
100,GA5451_R,55.866207413911425,-4.233404856342572
101,GG0951_A,0.0,0.0
102,GL0051_R,55.84992046843456,-4.272266850188669
103,GG0251_Y,55.86252738679095,-4.2042356510590215
104,GE0351_T,55.890819366914215,-4.2592562798354185
105,GA4101_B,55.8606487540426,-4.249433839780979
106,GJ0301_V,55.81935911758754,-4.2504819810554455
107,GA1251_R,55.87419567141074,-4.2615355849551895
108,GG2001_V,55.85952965663585,-4.2373681074853655
109,GA5301_E,0.0,0.0
110,GL1401_R,55.84608873236886,-4.3352874160952535
111,GG240A_B,55.85797950054643,-4.206758417445717
112,GG0351_B,55.86222293174097,-4.1981456183215125
113,GJ2701_S,55.840519932148716,-4.255154897631233
114,GH2701_D,55.84080770040453,-4.183424044457551
115,GA1501_T,55.85679614368984,-4.2610355862583935
116,GL1351_B,55.84707780613935,-4.327678599015886
117,GC1751_P,55.871657089716436,-4.313004289669034
118,GA5401_T,55.864666308936656,-4.236113254625863
119,GD0551_S,55.88255516063674,-4.3036270676697965
120,GJ0171_B,55.82875655576005,-4.24280162342768
121,GG2571_R,55.85504130964139,-4.198187342342337
122,GD1351_Q,55.87685428619535,-4.325751724832818
123,GD2151_S,55.87740955674705,-4.271490883106496
124,GJ0051_A,55.83583161568193,-4.2500763150340575
125,GG2021_C,55.859329614891465,-4.235023530458967
126,GA5501_D,55.86958923585304,-4.23375888472578
127,GA1331_V,55.85999320396004,-4.262148229588757
128,GD025A_B,55.875622009411785,-4.2826092123711526
129,GA0351_C,55.86774502347543,-4.271166214927868
130,GJ3301_B,55.82028845142232,-4.250775113480551
131,GG1101_S,55.869034246707436,-4.155022867360321
132,GH002A_S,55.85560650193221,-4.238117230640115
133,GJ3551_T,55.819078294291884,-4.260889944193136
134,GL1821_R,55.84575359406552,-4.349580753000241
135,GE0101_A,55.88114068661429,-4.254312806621951
136,GA4801_B,55.85966494429015,-4.247203662627562
137,GG1751_C,0.0,0.0
138,GK0901_D,55.817204393235734,-4.2878541920912765
139,GL1701_E,55.84663387723303,-4.343483433286647
140,GJ0301_S,55.82023472303351,-4.249782243544061
141,GA5151_T,55.85745246612139,-4.242857373616797
142,GJ3651_E,55.816575744683284,-4.262085612883242
143,GJ3651_B,55.81711083867646,-4.261334497999337
144,GG225A_R,55.858456046199436,-4.216245309231471
145,GF2251_X,55.87423249854093,-4.184884691184675
146,GC1621_F,55.86922308807458,-4.310525825398453
147,GJ2701_T,55.84648108493082,-4.255020978886085
148,GB1351_C,55.84993067425591,-4.251674117704976
149,GB1351_A,55.851104386376846,-4.250399980517572
157,GD0601_A,55.88852014228608,-4.320516622166707
158,GD1401_N,0.0,0.0
159,GJ3751_C,55.81305913101706,-4.2680744225706615
160,GG1551_B,0.0,0.0
161,GA2551_S,55.86142259609011,-4.256254477099935
162,GD260A_B,55.89110456999436,-4.290987350024925
163,GG2051_T,55.860087560609024,-4.2338685490255745
164,GG2051_R,55.8590041153222,-4.230178930108884
165,GF2201_C,55.87217975382799,-4.186607648660339
166,GA2401_D,55.8582303611654,-4.256836391937465
167,GA1851_C,55.855109995962245,-4.2598670701844
168,GA2651_T,55.86365848566547,-4.255872731885361
169,GH312A_D,55.84219933396287,-4.226117518705436
170,GG267A_B,55.852237529660044,-4.177962054873924
171,GD1451_F,55.883379343501254,-4.328124888674801
172,GA1551_J,0.0,0.0
173,GE0101_C,55.877159582500326,-4.254785434732858
174,GE0101_B,55.87739374588589,-4.252304970388122
175,GK0901_C,55.81556650207109,-4.289418111939536
176,GD0351_C,55.877630349112145,-4.2906090435634265
177,GB0451_G,55.853113857427466,-4.2604062370734415
178,GH0301_A,55.8544093214602,-4.216877656291876
179,GL0451_D,55.85452238774334,-4.273222603254965
180,GL0451_B,55.85389989158973,-4.270917383441117
181,GL3551_T,55.85272444587642,-4.318509638142887
182,GD005A_S,55.87180550766946,-4.270779911528607
183,GD217A_A,55.882174875038615,-4.2786767807571655
184,GA3251_A,55.85834541660072,-4.256443574200127
185,GA2601_A,55.86250022601733,-4.257771275886284
186,GK015A_T,55.84614179114403,-4.2612633810604645
187,GH335A_R,55.83881375755194,-4.211022589524935
188,GA3221_D,55.85560181565158,-4.252162032434144
189,GA4451_D,55.866868704345855,-4.247923492651264
190,GA2151_V,55.86334737110862,-4.257644641260812
191,GL0551_B,55.853625695067436,-4.277484225646401
192,GJ3051_B,55.82623860271296,-4.264945829606332
193,GE1801_F,55.874897302108366,-4.232465148861084
194,GA1051_S,55.86051333355115,-4.262210431815335
195,GC1631_V,55.868659882459106,-4.310844018539943
196,GB1201_E,55.84687582162568,-4.255059820284952
197,GB1271_D,55.84790182656032,-4.254000984304182
198,GL1451_H,55.84403625591158,-4.332145193095567
199,GA4371_C,55.861576471367606,-4.248832258852847
200,GL1701_A,55.8456065071126,-4.3473993039699055
201,GL1251_Y,55.84973538194174,-4.319737503600846
202,GD210A_A,55.87974627266463,-4.2719791493550785
203,GF2251_R,55.873744634907204,-4.183002943328146
204,GC180A_A,55.87075887171979,-4.318705464334025
205,GJ3351_V,55.81785068626245,-4.254816623673204
206,GC1351_A,55.86726511374354,-4.290749830596191
207,GH3171_G,55.84221842482708,-4.221582310806617
208,GH3171_C,55.84266588160131,-4.225665001800007
209,GD0601_D,55.888167123099365,-4.316833340566485
210,GC095A_T,55.865049704503754,-4.275979395767575
211,GH1021_S,55.85346117681849,-4.208131912098142
212,GL0521_R,55.853761470095606,-4.278402908452971
213,GB0401_V,55.854018685494786,-4.2600753225691586
214,GH320A_B,55.84468262121775,-4.219997746293337
215,GH320A_A,55.84598315054711,-4.221637402893596
216,GE0551_S,55.89565126752435,-4.26383987505431
217,GK5131_A,55.81102674467461,-4.354190490672454
218,GJ2801_D,55.838485364499995,-4.256809901438772
219,GD1351_U,55.876522614189504,-4.328082034223077
220,GG272A_R,55.85167462114243,-4.169638716612222
221,GF2201_H,55.87399726525847,-4.1839602855011675
222,GG015A_A,55.8634944533064,-4.215941005830022
223,GA2651_R,55.86322343830514,-4.25754155933178
224,GA5751_S,55.86879885806673,-4.234720475861463
225,GD2701_B,55.89515227975689,-4.298039841472587
226,GB1301_T,55.849495854109286,-4.252351907449826
227,GB1301_R,55.84814297209657,-4.254574088234247
228,GA1301_A,55.856959063447256,-4.263905310495209
229,GG267A_A,55.85274381385316,-4.182863381641116
230,GI0601_R,0.0,0.0
231,GA5201_D,55.85887024114575,-4.241500914430377
232,GG0951_B,55.85842716676813,-4.12882070743387
233,GA4801_D,55.860510360530824,-4.249138189628752
234,GJ0151_H,55.8285222112477,-4.2462849807931216
235,GJ0151_D,55.82888844740375,-4.247391890352288
236,GA1951_V,0.0,0.0
237,GH3251_W,55.8449700529393,-4.218512581110471
238,GG0401_T,55.86483904043623,-4.196087912321555
239,GA1251_V,55.869979184831635,-4.261610092912863
240,GD0501_B,55.8805355663702,-4.297719400881514
241,GG268A_R,55.85196993798632,-4.174799670989969
242,GL1401_V,55.845203829793434,-4.332662427117573
243,GA0151_A,55.863143518141726,-4.27505281020752
244,GA5371_D,55.86349421279903,-4.236813004256239
245,GA4971_T,55.864269181865616,-4.2376886270108844
246,GC095A_V,55.86318970831961,-4.275471035740416
247,GA2301_E,55.86555526048061,-4.256829804869128
248,GJ0351_B,55.81909085486535,-4.248933992022725
249,GA0651_D,55.86200673183739,-4.266036861806618
259,GK0401_C,55.83433956934594,-4.27402467157517
260,GA1451_S,55.86678933266853,-4.2566776399380695
261,GF205A_T,55.86910271981327,-4.190334708816686
262,GA1361_B,55.86186371522894,-4.2601315018488615
263,GC1601_P,55.87125666762471,-4.298402020212851
264,GD2301_A,55.885613821988585,-4.282732194797251
265,GG3001_A,55.85160996262818,-4.166168207640782
266,GA2801_G,55.86536126095586,-4.256626759612004
267,GK0351_T,55.83798644490389,-4.268296297205533
268,GL1151_D,55.85061699273464,-4.311578020227955
269,GL1151_A,55.84965757101863,-4.311936424489083
270,GB0051_P,55.85418690885114,-4.268026138841512
271,GA2351_X,0.0,0.0
272,GA5451_W,55.86665543833556,-4.2339740005230775
273,GA5451_S,55.86517517190324,-4.235806875413443
274,GJ2601_P,55.835733311194,-4.254462478446834
275,GA4351_S,55.863046589354866,-4.248549662370607
276,GB0601_C,55.851911629039876,-4.2593138848684715
277,GE2291_S,55.88488864819818,-4.227650145493303
278,GA4751_C,55.85665407722729,-4.249666305715105
279,GA0301_W,55.867698205592745,-4.271754872355245
280,GA5371_F,55.86349363226202,-4.23684493422616
281,GA5701_S,55.85503143465414,-4.24107208254901
282,GH1051_C,55.85139570270908,-4.195489104259732
283,GA3221_B,55.854556227125435,-4.250855233139799
284,GH2701_G,55.83933982075649,-4.179029422594229
285,GH1021_R,55.85148049354853,-4.198289788630956
286,GA2301_C,55.86556277400538,-4.256910153802765
287,GD2451_A,55.89013117786499,-4.289202741229508
288,GB0251_S,55.85305107338908,-4.2613772169404545
289,GE1801_G,55.87490541091073,-4.232513573425408
290,GK4601_T,55.834462643446074,-4.361436144291249
291,GJ3201_V,55.82318935021541,-4.259707588022321
292,GC4051_D,55.859280521632435,-4.2836958962327385
293,GJ0351_D,55.82017210003487,-4.2502575464335575
294,GK0251_V,55.83880048026578,-4.267529161607213
295,GA1201_D,55.86931001052249,-4.2598768610287285
296,GH3451_N,55.84809372487405,-4.2097444589150586
297,GG272A_S,55.8519806595336,-4.1741931555768685
298,GA1601_A,55.861283030537955,-4.261408199654056
299,GJ0051_D,55.83622707638901,-4.249093020579449
300,GH3251_T,55.84497845543786,-4.218545007927128
301,GC0271_D,55.86612856111743,-4.303005793667014
302,GA2901_D,55.862031039564506,-4.254931364971087
303,GA5151_R,55.8552219712963,-4.2414665342200975
304,GJ3651_C,55.815894993898155,-4.263913683430442
305,GA0301_X,55.86747922591072,-4.270958893825728
306,GJ3351_S,55.819193354469355,-4.251190767774348
307,GD0971_B,55.871495390603954,-4.2971692818309455
308,GG0351_D,55.86303139491065,-4.198670736687007
309,GK0301_C,55.83724481656423,-4.2690356783241095
310,GG050A_D,55.86752034537757,-4.192387347515772
311,GH3171_D,55.84259947208695,-4.217898311294728
312,GJ3751_D,55.81436839635038,-4.266283099940252
313,GK037A_Q,55.835807305073146,-4.271443310506431
314,GB1321_M,55.850391253435,-4.249096617638584
315,GA4851_V,55.85654935681042,-4.24654437258466
316,GB0401_R,55.855188277845784,-4.2619647812568875
317,GC4051_A,55.858994591694355,-4.284573995247212
318,GD1351_Y,55.8776052934619,-4.326436161045956
319,GE2151_R,55.879926106576825,-4.235168145841165
320,GA1451_M,55.86658912721061,-4.25975075057042
321,GD2151_R,55.88080935563527,-4.274759395090714
322,GH3271_L,55.84129214560155,-4.21563561334397
323,GH4502_C,55.835100229995355,-4.171270449308887
324,GJ3551_V,55.81739068322614,-4.262244656347269
325,GL1301_T,0.0,0.0
326,GC0051_G,55.86387922610635,-4.2756072586916085
327,GB1371_T,55.851862256680434,-4.2507313859770175
328,GE1851_V,55.87454049421858,-4.232812347604814
329,GA4101_C,55.86036341899992,-4.2517664685532885
330,GC168A_S,55.870822928351394,-4.302372624106607
331,GD1151_R,55.87760853259431,-4.306211782415832
332,GH340A_T,55.846047529927596,-4.2110819806932875
333,GD0501_C,55.88197371799365,-4.303960372769122
334,GG2951_S,55.85162404723602,-4.161791427816562
335,GE032A_A,55.89326316188427,-4.260278028326104
336,GI0551_A,0.0,0.0
337,GF2251_V,55.87315557027996,-4.185303751187315
338,GG1601_S,0.0,0.0
339,GJ2301_S,55.837448303566724,-4.261892484122705
340,GA0151_D,55.86361715483175,-4.270333892956895
341,GA5701_R,55.85426549730688,-4.239701809631506
342,GG0351_Z,55.86253825473829,-4.20362898309378
343,GH025A_S,55.854959882757036,-4.222725047464426
344,GH1051_A,55.85287086180442,-4.2024584739438815
345,GK070A_C,55.826324742021974,-4.2855477178004335
346,GA1571_Q,55.860255430810824,-4.259127192067156
347,GD030A_S,55.87650292585933,-4.285506649293601
348,GA0401_R,55.86305832768834,-4.269933703376354
349,GC1631_R,55.868756169352636,-4.312416185365758
362,GK2371_W,55.806087642322474,-4.342210547148566
363,GA4301_D,55.86233398143197,-4.249675107491648
364,GJ2801_C,55.83593094495036,-4.256917395883758
365,GA2001_C,55.86111049118906,-4.258569571326698
366,GE2151_S,55.88023980974729,-4.2327399328484185
367,GG2601_V,55.85299424184458,-4.181918798513778
368,GA2801_A,55.865406150459044,-4.256629363666894
369,GA1301_G,55.85706130313036,-4.262744781578143
370,GG2151_R,55.85833640316464,-4.221383888355596
371,GH337A_B,55.8385420294429,-4.2106398204520765
372,GB0051_V,55.85354780122634,-4.264665529742765
373,GG0951_D,55.85904972184044,-4.1307563185370615
374,GL0051_X,55.849993368391715,-4.269778808242425
375,GA0201_T,55.86614756299533,-4.271040978763687
376,GJ0151_A,55.82845650595532,-4.248404847449312
377,GD0351_G,55.877807340687426,-4.289308472865891
378,GA1251_S,55.869828715192796,-4.258548328199565
379,GA4871_A,55.861419536994475,-4.248567493942917
380,GG2951_T,55.852100170892065,-4.1602681335328615
381,GI0551_C,0.0,0.0
382,GJ3651_D,55.81818613849958,-4.2615086375327484
383,GF2251_P,55.874990458138676,-4.184207898144596
384,GD005A_R,55.873042401659106,-4.274368998804782
385,GK0851_S,55.82101057226365,-4.285683002505965
386,GC242A_S,55.888833726995,-4.380331555603812
387,GJ0161_Q,55.828643690567205,-4.245046528263573
388,GA4971_R,55.86307709911425,-4.242446478153432
389,GK0551_V,55.82956805302296,-4.282225069444391
390,GA5251_R,55.859260535656034,-4.242769834997752
391,GG2351_S,55.85846352262974,-4.215830267433828
392,GH3051_A,55.846989886888544,-4.237989222564448
393,GK0251_R,55.84115074735943,-4.266308360823459
394,GH3271_N,55.84364931674229,-4.215498207190404
395,GH3271_K,55.84435066683066,-4.2194676575383765
396,GH2621_D,55.84689244336365,-4.198541884949085
397,GC2401_C,55.888822120134975,-4.377212271374398
398,GA4371_B,55.862952571207714,-4.245331948314783
399,GA1851_B,0.0,0.0
400,GB0121_D,55.85343362638877,-4.265985031341041
401,GB0121_B,55.852448842325146,-4.265288604058332
402,GL0551_A,55.85352255114268,-4.280625806299277
403,GD2721_R,55.89993901935972,-4.304481802485215
404,GL1351_C,55.84456572200965,-4.331713656994374
405,GF210A_C,55.86768309263532,-4.192332587450766
406,GA2301_B,55.86667515880417,-4.255552201998089
407,GJ3051_F,55.82732897330613,-4.268202614396577
408,GH3051_B,55.845909456720285,-4.230674713066676
409,GE1801_A,55.87440637892156,-4.234259386476436
410,GJ3201_T,55.824548073390204,-4.257662945196019
411,GC4051_B,55.857841346257544,-4.281821721768201
412,GA5471_C,55.86402333571597,-4.23687539121088
413,GJ0351_C,55.818430366496436,-4.25015697041314
414,GB145A_R,55.85056569480922,-4.24840373546434
415,GC2401_A,55.88850586107432,-4.379160010637965
416,GC0101_V,55.8603704074616,-4.282113867822337
417,GC0101_T,55.86141962736002,-4.280785064533067
418,GA0351_D,55.87104477578346,-4.2676823767516865
419,GG2601_W,55.852550464950504,-4.186159770507467
420,GG1101_T,55.868819119620454,-4.1565293850707015
421,GG012A_S,55.863645191553246,-4.217052326028468
422,GA2101_C,55.86264962734015,-4.257955741740505
423,GK5141_R,55.81021478562821,-4.352002772504004
424,GG2151_S,55.85901250678636,-4.229715996716747
425,GA4651_V,55.852329378276565,-4.252707611714965
426,GA1371_V,55.862146960819494,-4.261346547864132
427,GC0201_C,0.0,0.0
428,GE0351_R,55.895656850907116,-4.2635362950810665
429,GI0301_V,55.84075769993984,-4.2278080216677365
430,GH0301_D,55.852927156451976,-4.215339300424897
431,GJ2851_R,55.835428462959506,-4.258341567219163
432,GK045A_V,55.83193222808461,-4.278323466277564
433,GL1251_C,55.850577514970205,-4.3194042542892594
434,GH2671_R,55.84601770177102,-4.19518579622288
435,GA1651_T,55.862519507137506,-4.2596581956433965
436,GD138B_P,0.0,0.0
437,GA0151_Z,55.86283080107126,-4.268625923607663
438,GA0301_P,55.866843545333616,-4.27180085673688
439,GG0351_H,55.86249623162411,-4.199950944298692
440,GJ0161_N,55.828534573909856,-4.247084061864989
441,GL1691_R,55.84565959880849,-4.343201133832305
442,GC237A_A,55.886702430242174,-4.374811788958645
443,GK0251_T,55.84228274564642,-4.263403260149433
444,GL1901_P,55.846573737252356,-4.359790491046517
445,GK2371_R,55.806458845100146,-4.340652936524929
446,GL4151_B,55.8659084726679,-4.339913527626766
447,GA1451_R,55.867977472280025,-4.260007227411231
448,GA2251_V,55.86477613183045,-4.257168178932541
449,GD2301_D,55.88466102483654,-4.279829922075051
466,GK0801_D,55.82599019251563,-4.285655822470475
467,GD255A_S,55.888338047501705,-4.28703414460273
468,GJ3301_D,55.821736212748405,-4.2561270616272875
469,GA2801_B,55.86507327370817,-4.254196711337343
470,GL1301_R,0.0,0.0
471,GC0051_E,55.863056384249724,-4.2714997899572005
472,GA0571_V,55.860225861048356,-4.265134118419911
473,GB1371_S,55.850719060769606,-4.249355206973023
474,GA5451_V,55.86600842969897,-4.234464272463272
475,GL0051_S,55.84980954787963,-4.268537922622787
476,GK0051_B,55.846169834260365,-4.260226657375688
477,GI0301_S,55.84096758985507,-4.132306279140036
478,GC1401_F,55.86904291555608,-4.292772637260323
479,GH2671_S,55.845579052699534,-4.195592363977341
480,GA5301_B,55.86001214740171,-4.237523694105418
481,GC0151_B,55.863000288949785,-4.275507901491077
482,GA4751_B,55.857115843776036,-4.246529140120458
483,GJ025A_C,55.82041217121338,-4.250399122552468
484,GD1001_S,55.8742736193271,-4.296629998721927
485,GD0451_R,55.8824309605271,-4.303060067155716
486,GC2331_A,55.8826699936794,-4.3512518943045935
487,GC1351_D,0.0,0.0
488,GH1051_D,55.85084602398106,-4.198589457521476
489,GI0401_R,0.0,0.0
490,GC2151_B,55.87605524464404,-4.3385097040377625
491,GA1571_T,55.860990514118996,-4.260208622506219
492,GE0301_V,55.88657812112334,-4.258721911218952
493,GA1201_A,55.86825842007205,-4.262325208789392
494,GH3451_K,55.84659307053544,-4.212231190582133
495,GC0101_L,55.86142051523754,-4.280737173579034
496,GA4701_A,55.85595452663108,-4.250568603271824
497,GB0101_B,55.853323906720455,-4.263645911890871
498,GA0351_A,55.87124081534886,-4.268748816444544
499,GG2601_R,55.8524935915326,-4.180756369159921
500,GB1101_A,55.85239305726846,-4.2560984608210015
501,GL1101_T,55.849415231528475,-4.310484172404506
502,GD0601_B,55.884767157038745,-4.310282365350108
503,GA4601_R,55.86156852034677,-4.249758693427665
504,GG2351_T,55.858971618516854,-4.212567378331872
505,GD2451_B,55.88573447251275,-4.28301112738691
506,GA0251_D,55.86678852398857,-4.270886602653868
507,GA4151_V,55.86116829908267,-4.2514934360283245
508,GA1201_H,55.86750205100602,-4.259468135176847
509,GA0651_B,55.862236247979325,-4.2633334140470485
510,GB1271_C,55.84533766837599,-4.255130462994988
511,GE052A_A,55.897427737044744,-4.2659588464996805
512,GK5101_C,55.80774529467072,-4.350481279894067
513,GB0101_C,55.85257835327328,-4.265088437277361
514,GA5501_C,55.86825206819722,-4.23464111025327
515,GE1901_D,55.87994583916944,-4.233586425803779
516,GB1151_V,55.84836332507429,-4.254810508579215
517,GA5201_A,55.85783410821878,-4.243614422514919
518,GB0141_U,55.851664534750654,-4.265418700971181
519,GG2581_C,55.853524984281606,-4.1975424875028144
520,GL2621_T,55.85527973642665,-4.2972825249417514
521,GJ0151_B,55.82849585993911,-4.246251526578484
522,GD2651_S,55.892336084155815,-4.2948344817194695
523,GD0351_D,55.87817351206875,-4.28846668502478
524,GC125A_F,0.0,0.0
525,GL3551_S,55.85170923374178,-4.319919059398528
526,GG2001_R,55.859711320099954,-4.235285158085663
527,GA1401_R,55.86592441698528,-4.261198533696136
528,GK0851_Z,55.82364982606428,-4.286332764691297
529,GK0851_R,55.82139137429342,-4.2884033578999325
530,GH4601_H,55.83710274304039,-4.170855068478358
531,GC0301_T,55.86898313606474,-4.308945116460712
532,GA0301_R,55.86947439080603,-4.269013415741928
533,GJ0161_P,55.82861675648922,-4.245044975986607
534,GA2421_W,55.85512327195502,-4.252773469527152
535,GH335A_S,55.84104155001839,-4.215078293057689
536,GE0271_C,55.883833760791816,-4.254484968476632
537,GJ3751_A,55.81397871125505,-4.268894085882694
538,GJ2401_A,55.83699873434792,-4.268733863115092
539,GC4051_F,55.859014029368296,-4.284495236395233
540,GA2951_V,55.86173125688012,-4.255105762212175
541,GG2051_S,55.859663553869076,-4.234451449152272
542,GF205A_V,55.864807545542355,-4.196341847220005
543,GA5351_T,55.86280406582014,-4.236709398599096
544,GB1601_A,55.84910016918743,-4.244005615223766
545,GC185A_S,55.87068938178264,-4.316191682113261
546,GA4701_D,55.85632999505681,-4.2496955063598945
547,GA5171_D,55.85762547767732,-4.244704964359968
548,GK0801_G,55.82139745369501,-4.287110581931318
549,GJ011A_T,55.835226792673474,-4.2487477909431535
550,GH195A_A,55.854617352151365,-4.240121510355179
551,GG1101_R,55.86655956269572,-4.155205423438159
552,GH1001_D,55.848700802625466,-4.209970627469236
553,GG2581_A,55.855326467007686,-4.198826597978703
554,GA2351_T,55.85711670640357,-4.2572831345389135
555,GB1281_L,55.84495278725721,-4.255044271331268
556,GE0101_D,55.87730633113924,-4.258055380771955
557,GE1851_S,55.87502184009652,-4.2315450876606615
558,GD2651_T,55.89398944745,-4.299186651381308
559,GH0151_R,55.854941962916115,-4.223219345230364
560,GL1251_B,55.850347552937954,-4.320636726421873
561,GA4501_S,55.86654993681943,-4.2471698545989165
562,GH2151_D,55.84794504187706,-4.216509500488971
563,GB0151_G,55.851352923874686,-4.2642821873481935
564,GK4501_B,55.82227473256898,-4.361463729272545
565,GJ3351_T,55.82057522127064,-4.255724593301768
566,GD0971_C,52.18546604068261,-4.1044923099337725
567,GG0171_T,55.86378216492892,-4.210939140345901
568,GE0271_D,55.88512117954029,-4.258285456936139
569,GH0401_T,55.85390197278218,-4.2151071922605015
570,GA5251_T,55.85968789465786,-4.240525290023306
571,GJ0131_D,55.832329525003786,-4.248436792153829
572,GK070A_D,55.83026121800331,-4.281195812399165
573,GA1321_C,55.86063562300639,-4.261913910710349
574,GA1321_B,55.86039697864946,-4.2607174799146295
575,GJ3051_A,55.8274347517109,-4.265877591998152
576,GA0651_C,55.86229040886288,-4.263320583626455
577,GJ2801_B,55.83640870518983,-4.254389783400119
578,GA5501_B,55.86909285285326,-4.232387724714938
579,GE1901_G,55.877131389570856,-4.2311865361441
580,GB1151_S,55.84994934573832,-4.252617792026866
581,GB0501_D,0.0,0.0
582,GG2581_B,55.85466551443288,-4.196584304821799
583,GD0801_A,55.869218456422864,-4.2741134191198125
584,GA5601_M,55.863305517332066,-4.239774733158878
585,GD1151_S,55.876290924256345,-4.306021723179857
586,GH340A_V,55.843322726553666,-4.201151593530143
587,GA2901_C,55.86060023777566,-4.255519623901867
588,GJ3651_G,55.817093469362774,-4.261301564664714
589,GJ2301_T,55.83869691623278,-4.263881603929005
590,GA2601_D,55.86296162444285,-4.25613597293283
591,GA0301_T,55.86857445828864,-4.272972876238067
592,GD0971_D,55.87383240733948,-4.295229131077177
593,GG0171_S,55.86330326982864,-4.213580834591029
594,GL1101_V,55.84755898238269,-4.309782900336506
595,GG210A_A,55.85952137074835,-4.23337262195153
596,GF210A_D,55.87168697809885,-4.187027519271619
597,GL1501_A,55.844589519864385,-4.330932341728631
598,GH3051_D,55.84753275389719,-4.230863584142065
599,GC120A_G,55.86510999051393,-4.2853326955192514
605,GL1901_S,55.84579511370658,-4.355398116477264
606,GG2571_W,55.8557328789401,-4.2002236982191405
607,GJ0171_A,55.82862102312231,-4.2457956894081175
608,GG2051_W,55.86008843021875,-4.233820658163293
609,GA4551_S,55.86041588564579,-4.247422819544945
610,GK5101_A,55.808756603446156,-4.347414160624896
611,GF2201_G,55.87216264853542,-4.186558731835579
612,GF2201_D,55.87402278298977,-4.18404164750885
613,GJ0141_T,55.83147142834258,-4.248179666147143
614,GG015A_B,55.863082236774474,-4.211378805438201
615,GD255A_R,55.891994550995214,-4.293870688907533
616,GA5751_R,55.86895805277876,-4.237335000772282
617,GD237A_R,55.88655733120668,-4.2841948444914815
618,GH020A_A,55.855390153893715,-4.225769520669405
619,GL1151_B,55.85004788539256,-4.309339470394715
620,GB1551_S,55.84522629257682,-4.24894198294951
621,GK0501_B,55.830898484503535,-4.277847819660646
622,GD2251_S,55.88073133287157,-4.275090597183299
623,GK075A_T,55.82895469783465,-4.2828278410305485
624,GD0101_A,55.87416484301112,-4.2778237245545965
625,GH0151_S,55.85584182157922,-4.232090882667706
626,GJ0301_T,55.823063154665725,-4.2494346759519175
627,GC0271_C,55.86611722281032,-4.305050949941555
628,GH0301_C,55.85519734682786,-4.21454179747309
629,GL0451_A,55.85374761055151,-4.276724424247558
630,GJ019A_T,55.828193117904384,-4.247080332544341
631,GC180A_B,55.87066625841282,-4.313121196092941
632,GA0151_C,55.86237982790527,-4.270661220332998
633,GA4901_S,55.8630252246768,-4.242827044221353
634,GJ2551_R,55.83390077239362,-4.267611185764814
635,GI1571_C,55.80500432306122,-4.230855173345576
636,GH2701_E,55.84025378111959,-4.1801986015327035
637,GD205A_A,55.874585837054674,-4.270606551552079
638,GK0551_W,55.82980620010078,-4.283436624975642
639,GI0651_C,0.0,0.0
640,GI0651_B,0.0,0.0
641,GD0151_V,55.873674238478145,-4.278594289193398
642,GG2751_D,55.85075040392315,-4.169555246772373
643,GD0551_V,55.88429044796934,-4.310302004478084
644,GK2371_T,55.805214837317635,-4.341791073450442
645,GA4301_A,55.86166245604906,-4.251010641486377
646,GE2301_A,55.88504044104503,-4.229193932397409
647,GA5171_B,55.856539482524134,-4.244130995935113
648,GG2021_A,55.85997250372565,-4.236738383105386
649,GJ011A_V,55.83169902330712,-4.248512176194785
650,GC2411_P,55.888722237656154,-4.3791252786604975
651,GE0351_S,55.89335727794162,-4.259067954748839
652,GG0251_C,55.86247128334951,-4.208867001010496
653,GG0251_A,55.86306993480468,-4.210563054956653
654,GK020A_D,55.84387102622068,-4.262073936810617
655,GG0401_S,55.86413187781811,-4.198445259570634
656,GG2951_V,55.850644532051724,-4.160251248831599
657,GA058A_C,55.860818399478596,-4.26516861539782
658,GH3101_R,55.84329468844518,-4.226675321589251
659,GB1101_C,55.85040383535716,-4.253810369852116
660,GJ0161_L,55.829137266712024,-4.247054958182368
661,GG280A_R,55.85149217700777,-4.162646831811529
662,GK0301_D,55.840616325195185,-4.2655584967499705
663,GH0401_V,55.849036576894754,-4.216284093591336
664,GG2621_C,55.85350546177588,-4.177921168080993
665,GH1021_T,55.85351827127846,-4.202942479845634
666,GC0251_R,55.85818298363828,-4.282784557232664
667,GA1051_P,55.86129533430519,-4.263182791854149
668,GA1201_B,55.867474237702226,-4.259514469764702
669,GL0401_R,55.85385439064694,-4.271921333196062
670,GA4551_V,55.86004635555312,-4.249446953761908
671,GC1601_T,55.87020220840413,-4.300481653737905
672,GA5351_R,55.86208992002028,-4.235453778514287
673,GE052A_B,55.893554735597675,-4.260550894134558
674,GC2401_B,55.88685850551981,-4.375572942718618
675,GA495A_A,55.86302503111264,-4.2448087403053485
676,DD1701_B,55.89009089504372,-4.383175384174623
677,GH3301_B,55.84057195523496,-4.214205053485609
678,GK0351_R,55.837181815696056,-4.270501339796874
679,GC0321_F,55.86806342207265,-4.311975403552451
680,GK0501_A,55.83195553710533,-4.2794905592678285
681,GA4651_T,55.855578694138686,-4.249987620993227
682,GC1701_B,55.870790058513116,-4.305088119322359
683,GH2201_V,55.84687343902489,-4.2106336740540415
684,GL0051_T,55.84982910327488,-4.27088756301033
685,GH3251_V,55.844299489832004,-4.220311347341404
686,GJ2601_S,55.8356492755152,-4.249235324683032
687,GL1951_D,55.8464030677228,-4.363997590345768
688,GC0271_A,55.86829456979695,-4.3082808671820265
689,GE2291_W,55.88283522042489,-4.225901539840345
690,GA183A_A,55.86573047624031,-4.259525060499162
691,GB0151_B,55.85132599025304,-4.264280620445512
692,GA0151_V,55.862806359557744,-4.269950964816516
693,GK4501_A,55.82170172919147,-4.364622009285193
694,GD0201_R,55.87648044190998,-4.2852655195573135
695,GA5701_V,55.85405170356464,-4.24058426302681
696,GD0451_T,55.880910176351684,-4.29691010878463
697,GC4101_S,0.0,0.0
698,GJ0071_N,55.832582198733796,-4.2473974226310265
699,GC1751_T,55.86997113893839,-4.3123285757376895
708,GD2451_D,55.88747877238703,-4.284424905031582
709,GD0151_R,55.87491199724329,-4.280185538575759
710,GE1801_C,55.87373507358611,-4.2331177927657695
711,GE0301_R,55.89068099986828,-4.258960363041584
712,GA0401_S,55.86254569670413,-4.266052272953681
713,GD0551_W,55.88430750342296,-4.310350989754637
714,GB0651_V,55.851080091861725,-4.259569172106359
715,GC0101_S,55.86009190011274,-4.279684483253751
716,GA2401_A,55.85753923203803,-4.258745783442047
717,GH020A_B,55.854375482782494,-4.217259197086495
718,GC0321_D,55.86846332374294,-4.309345826900188
719,GD200A_S,55.87014169388682,-4.268892500320477
720,GA4401_M,55.8633899477641,-4.249432518576116
721,GB1371_V,55.85082854749504,-4.251230787940519
722,GA5451_X,55.86623434803795,-4.2334064027554765
723,GD3051_B,55.870589037319114,-4.260702458972916
724,GC2411_N,55.88811208175761,-4.378608156128064
725,GK0051_A,55.84666021670515,-4.262395761044801
726,GL0451_C,55.85308315285305,-4.272803008046837
727,GG268A_S,55.85251748999136,-4.180422192440884
728,GF2251_T,55.87543253460708,-4.181578991801759
729,GJ282A_V,55.835396659769295,-4.256646879467935
730,GA5371_A,55.86302818247815,-4.237729117192991
731,GI0251_B,55.837271926959545,-4.229221661096009
732,GA4721_T,55.85735267711808,-4.249307214129634
733,GC4101_Y,0.0,0.0
734,GJ0071_T,0.0,0.0
735,GG050A_C,55.863672710414725,-4.197987809071236
736,GC2151_F,55.87635002408921,-4.339550625130312
737,GD205A_B,55.87153148859795,-4.269069490114702
738,GI0651_D,0.0,0.0
739,GG210A_B,55.85824308841949,-4.224558473994201
740,GA5401_X,55.86469150190335,-4.236210595725814
741,GJ250B_T,55.83646984840526,-4.264758288183762
742,GD030A_R,55.87765798836765,-4.289123814393541
743,GD0551_X,55.884467318034496,-4.30997671398386
744,GA0651_A,55.86284139777686,-4.26805120630238
745,GK0401_D,55.836237668020075,-4.270526145722388
746,GC1601_R,55.87088247073179,-4.302072434386384
747,GB1271_B,55.84525087190711,-4.253000859595266
748,GC0101_W,55.86045179946708,-4.282086680666378
749,GG030A_R,55.86220565850669,-4.199614893790553
750,GG2701_A,55.8522468542111,-4.177435341630183
751,GD0501_D,55.88312252289256,-4.302605347861737
752,GK045A_T,55.83543846611083,-4.271948817467447
753,GA5151_V,55.85593761611217,-4.24460760244162
754,GA5301_C,0.0,0.0
755,GJ3101_T,55.8289349659676,-4.258587829155584
756,GA5371_C,55.86247998608794,-4.236738710494965
757,GC2331_D,55.88167173196596,-4.350344066845672
758,GC2331_C,55.88220783548229,-4.349097292657027
759,GB1351_D,55.851695525808246,-4.248053605405016
760,GC2151_D,55.87609079630776,-4.340893946636147
761,GA4451_A,55.86583129214458,-4.250101118786903
762,GB0701_B,55.85058204577753,-4.25781480106621
763,GL0551_D,55.854299669602916,-4.2803997205377415
764,GJ0131_B,55.83297699817931,-4.246941127794114
765,GA2301_A,55.8673069936197,-4.258833454792228
766,GD0671_B,55.8886765548836,-4.321277602793381
767,GA3351_A,55.86210812957527,-4.254648171869238
768,GH0101_A,55.85550699715153,-4.234692132089879
769,GA2701_D,55.864391257964655,-4.2556115639523675
770,GE0551_R,55.89864459845293,-4.2662537651638885
771,GG2571_S,55.8561394699883,-4.200102880012501
772,GH050A_R,55.853782434330995,-4.211761071938861
773,GJ0141_V,55.82868830740348,-4.247524050558686
774,GD310A_R,55.87793080341981,-4.254878120936004
775,GG012A_R,55.863287109702064,-4.213979452532824
776,GL2801_S,55.856245278233345,-4.285978514211549
777,GD3051_E,55.87716961150117,-4.258159352749196
778,GD3051_A,55.874486778327075,-4.261344692885372
779,GL1701_B,55.845617424353456,-4.342112310953289
780,GD0501_H,55.88214758135558,-4.303794791072266
781,GB0601_B,55.8522989835089,-4.2558373730905386
782,GA2051_R,55.86266931063688,-4.259331286597653
783,GJ2851_C,55.83313811686128,-4.255813368111504
784,GG2001_S,55.86031961779896,-4.239395099723101
785,GG1601_T,0.0,0.0
786,GB0151_E,55.85047063763153,-4.265828504370363
787,GL3001_D,0.0,0.0
788,GA4901_V,55.86251847735004,-4.244987269051881
789,GC242A_R,55.89122478260522,-4.386811516063275
790,GH025A_R,55.8541873289021,-4.215730589212412
791,GC1351_C,0.0,0.0
792,GG280A_S,55.85165481948635,-4.167193202219627
793,GG0171_R,55.86286221842705,-4.208617514574572
794,GG2621_D,55.85273253541617,-4.1774145824707585
795,GG2621_A,55.85331727771885,-4.179412499996447
796,GL1351_A,55.846350116261746,-4.333354142649502
797,GC1751_S,55.870710381764134,-4.310294484557788
798,GL0521_S,55.85371539788726,-4.273606866193896
799,GA0251_E,55.86679573357894,-4.270982922572935
812,GA1901_F,0.0,0.0
813,GE0301_T,55.88537610015536,-4.256637228256721
814,GJ0351_A,55.81924802421207,-4.25164090617372
815,GD0551_R,55.887442307421104,-4.317141955586773
816,GH3271_M,55.84277914808276,-4.221885848382062
817,GG030A_S,55.862853049495286,-4.2076261537014075
818,GC1701_A,55.870810551747894,-4.312138708521611
819,GJ0151_C,55.82639028544713,-4.246880545379555
820,GB0601_D,55.85356143504636,-4.258546866124735
821,GA1401_T,55.86628329279481,-4.259764949634656
822,GL1251_A,55.84901958728743,-4.319567035320048
823,GA4501_R,55.86764767693011,-4.248575880534607
824,GG225A_S,55.858370254907406,-4.2210023127422
825,GJ282A_T,55.83660487613126,-4.256924511907082
826,GB0151_C,55.85047814554597,-4.265908823667181
827,GK0851_X,55.82302777038658,-4.2869189072211675
828,GC0301_R,55.86803147131897,-4.310327168415186
829,GI1571_A,55.80506371697608,-4.232534128812309
830,GH1051_E,55.852009080594605,-4.197377012328944
831,GH1051_B,55.850713783912546,-4.195929927553063
832,GH0401_S,55.85274059470873,-4.217213987754439
833,GJ0131_C,55.829338745587634,-4.247833030040477
834,GH2001_R,55.853184817487076,-4.236364241833087
835,GG1551_A,0.0,0.0
836,GA4851_S,55.85692077247911,-4.245399347486764
837,GH0101_B,55.8553725328301,-4.226743188856404
838,GB0401_X,55.85513382354682,-4.2619935727729565
839,GG2751_B,55.851579373209496,-4.166374199723624
840,GA2951_T,55.86279103643167,-4.2546557857873015
841,GH3451_L,55.84621355099072,-4.209845401462103
842,GC1601_S,55.86992121234773,-4.295797539516268
843,GH090A_T,55.85465681752957,-4.197574442828111
844,GA1851_F,55.85510395023989,-4.2597069358962205
845,GI0051_C,55.844653968669405,-4.249276322847241
846,GD025A_A,55.87709872290631,-4.287300291458498
847,GB0351_S,55.850914451553,-4.26075780107548
848,DD1701_A,55.89207133579385,-4.389502533088129
849,GE1901_B,55.87714992481204,-4.231155625185907
850,GA4101_G,55.86068495774335,-4.249419952325652
851,GC168A_R,55.8708600580305,-4.3085450258327445
852,GC0301_S,55.86699013864882,-4.304511293148272
853,GB0551_T,55.85462064090356,-4.258128994483621
854,GC4101_V,55.859095039780854,-4.284004610925713
855,GI0401_S,55.83809708374128,-4.2317923509281465
856,GA4971_S,55.86289672837317,-4.2370503360067975
857,GL1101_S,55.848712945899756,-4.307199378129983
858,GG2621_B,55.85442652637147,-4.1761512534310645
859,GH4551_J,55.83624214858842,-4.171749340065711
860,GL0521_V,55.852611204870655,-4.277424858536154
861,GC237A_B,55.884925211348325,-4.370961299310234
862,GB0651_R,55.85227731317151,-4.263377336086736
863,GL0401_Y,55.85413303529667,-4.269972310196127
864,GL0401_S,55.853832064100196,-4.268261104388322
865,GA2251_R,55.865612811185215,-4.258591233022848
866,GB1601_B,55.84702896941595,-4.2383109678003965
867,GC0101_R,55.86087384652589,-4.282590859455408
868,GH090A_V,55.85159465405261,-4.197433498344158
869,GA5751_W,55.869359221835325,-4.236031397951133
870,GH3301_D,55.8413901201204,-4.214187690112489
871,GH1001_E,55.85407254814759,-4.209620570161431
872,GK0501_C,55.830752130237684,-4.280410174073082
873,GA5201_B,55.857289491404686,-4.2419371685787635
874,GD2251_R,55.88412038865245,-4.280389856662116
875,GD207A_R,55.877125804987536,-4.271282457662192
876,GD0101_B,55.8721969676349,-4.271969702264024
877,GA5601_N,55.86492084776326,-4.236942981117101
878,GF0251_T,55.87793545508411,-4.1939657790861435
879,GC125A_E,0.0,0.0
880,GE2291_R,55.882212375902824,-4.23051877497822
881,GI0551_H,0.0,0.0
882,GI0551_F,0.0,0.0
883,GA058A_B,55.86077321627064,-4.265181965503831
884,GH3101_S,55.842742472575395,-4.228879976040038
885,GB1351_B,55.85025619642351,-4.247634971763607
886,GJ252A_C,55.833664074627784,-4.265824784517628
887,GB0701_C,55.848971820132256,-4.260341430150529
888,GI0651_G,0.0,0.0
889,GK037A_P,55.836843314262254,-4.269363642961795
890,GA5401_V,55.86317911110443,-4.236842831861122
891,GB0251_T,55.85411643529278,-4.263068870791588
892,GA1901_H,0.0,0.0
893,GJ3201_S,55.8209863591695,-4.256339073456656
894,GL4151_C,55.86533300965922,-4.339926860074516
895,GE2301_C,55.8831703382426,-4.226752193615476
896,GC185A_R,55.87071894456725,-4.319869987669575
897,GA2401_B,55.856906998640135,-4.255976666743277
898,GJ0051_C,55.83245288357809,-4.2485716652035554
899,GA495A_B,55.86309059350354,-4.240225823732692
915,GL142A_A,55.84576224697452,-4.341114610379647
916,GA4771_T,55.85969518557228,-4.248499802037326
917,GD2701_D,55.897134538590706,-4.298253058641951
918,GH195A_B,55.85355752297622,-4.237120627922957
919,GL2801_R,55.85624846009274,-4.2853235663688585
920,GD1451_D,0.0,0.0
921,GC0051_D,55.86338219860943,-4.279637561166447
922,GD0801_C,55.868566619212544,-4.273883500913412
923,GH2201_R,55.848039354757226,-4.205763545115844
924,GK0901_B,55.8157977709996,-4.287133124624543
925,GE2291_V,55.88286215461565,-4.225903082023201
926,GA2901_B,55.861193642467136,-4.254035848834273
927,GJ2851_D,55.83580759591964,-4.256782484310243
928,GA0601_T,55.86238129228681,-4.265707088968178
929,GD210A_B,55.8749758501997,-4.270901095855713
930,GA5301_D,0.0,0.0
931,GH2151_B,55.848360292731435,-4.210414580717567
932,GH2151_A,55.84905477309007,-4.21826611210977
933,GG2351_R,55.85800309843438,-4.207446865590776
934,GC0251_W,55.85887546834172,-4.281307088124026
935,GA2551_T,55.86221030961522,-4.256428009179907
936,GA1901_N,55.85678428273496,-4.259724617994603
937,GE0301_S,55.88656460129158,-4.255538867901007
938,GC1631_W,55.869196393525584,-4.3119468443932005
939,GK2371_X,55.80528686982954,-4.339896371304666
940,GD2151_P,55.879584564803494,-4.270514752531913
941,GH2621_C,55.84691994870115,-4.198511488925708
942,GE2301_D,55.885837163247565,-4.22887183400066
943,GK5101_D,55.80975920588024,-4.352326405982437
944,GF2201_F,55.872841992327345,-4.184742630340509
945,GD2301_B,55.88236439894815,-4.279119609067036
946,GJ0051_B,0.0,0.0
947,GG2021_B,55.8595621956346,-4.234094067366224
948,GG2601_T,55.8531123121091,-4.186910304486552
949,GA4771_V,55.85764865783946,-4.249340302621111
950,GG1201_B,55.874099134795415,-4.1608825433328365
951,GL1251_D,55.849701811304655,-4.317227216801621
952,GA2201_C,55.86406131229054,-4.257430361790624
953,GJ3101_S,55.82837984803474,-4.247681894125998
954,GH3101_T,55.84114261089801,-4.222926502747639
955,GA4451_C,55.86473933686761,-4.248871255277288
956,GJ0131_M,0.0,0.0
957,GC0251_T,55.858874876295175,-4.281339013327327
958,GL142B_B,55.846057174132824,-4.334582626564237
959,GD0151_S,55.87319160263548,-4.27504912890747
960,GJ2401_D,55.83761016989589,-4.264329501344417
961,GD260A_A,55.89347400383256,-4.296948945976821
962,GA0401_T,55.86395258867078,-4.268227863465616
963,GA2951_R,55.862307115452616,-4.256050073395752
964,GG3001_B,55.85143661073307,-4.16069462066558
965,GK0801_A,55.82362965582493,-4.287417236176276
966,GI0051_B,55.844779335042716,-4.247334733805425
967,GE1901_C,55.87534504484697,-4.2325547998953414
968,GJ3301_C,55.81925458152307,-4.255696036412074
969,GC155A_A,55.8700565483617,-4.2967326358773645
970,GL1821_S,55.84550045400156,-4.344006265387408
971,GH2201_T,55.85320176370468,-4.208564559188951
972,GH3251_S,55.84553564029381,-4.221036792088657
973,GC0271_B,55.866103432654064,-4.303387898377829
974,GL4101_T,55.864941248072974,-4.3378415274173365
975,GG2951_R,55.85116692958421,-4.1586506592322126
976,GL3551_R,55.85142175331068,-4.318959277164464
977,GC0151_E,55.86261810821206,-4.2806156035241845
978,GA2451_T,55.860439219360934,-4.256948534301011
979,GK0851_V,55.82037821856057,-4.287306184454208
980,GD217A_B,55.88017527180127,-4.2725958001697615
981,GI0251_D,55.840116802381154,-4.228458150741884
982,GJ2701_X,55.84073589542072,-4.25563060562386
983,GA070A_S,55.862050725815116,-4.2616925402496255
984,GG1551_D,0.0,0.0
985,GC1751_R,55.87077859510145,-4.315749415387564
986,GH4551_K,55.83669911017722,-4.168772386102224
987,GJ3051_E,55.82763928492938,-4.264532287668986
988,GH3051_C,55.845929438724525,-4.230564036997177
989,GA0251_C,55.865596219960615,-4.271696045530919
990,GC1631_X,55.868661381862964,-4.310764187114153
991,GB0651_T,55.852575516520176,-4.258889083216377
992,GK5131_C,55.81063369558662,-4.354533842834711
993,GJ0171_D,55.82916912314015,-4.2443263328092415
994,GG2571_V,55.855705658667326,-4.200238137555074
995,GA1361_C,55.86148570666813,-4.261627732488783
996,GA5351_V,0.0,0.0
997,GA1851_E,55.855102484179106,-4.259786742365565
998,GI0051_A,55.845476661814565,-4.249994777733375
999,GA0351_F,55.8691626663695,-4.2693468815298905
1032,GD237A_S,55.88448472347189,-4.281098820818078
