From_Node,To_Node,To_Link,From,To,hasEntryLink,FROM_EASTINGS,FROM_NORTHINGS,TO_EASTINGS,TO_NORTHINGS
GA0151,GA0201,W,GA0151,GA0201_W,FALSE,258001,665649,257962,665922
GA0251,GA0201,T,GA0251,GA0201_T,FALSE,257957,666015,257962,665922
GA0451,GA0201,S,GA0451,GA0201_S,FALSE,258154,665888,257962,665922
GA5201,GA5151,T,GA5201,GA5151_T,FALSE,259716,664985,259662,664889
GA5551,GA5151,R,GA5551,GA5151_R,FALSE,259801,664705,259662,664889
GA510A,GA5151,V,GA510A,GA5151_V,FALSE,259604,664807,259662,664889
GA5171,GA5151,P,GA5171,GA5151_P,FALSE,259564,664917,259662,664889
GA5151,GA5171,B,GA5151,GA5171_B,FALSE,259662,664889,259564,664917
GA4851,GA5171,A,GA4851,GA5171_A,FALSE,259496,664938,259564,664917
GA5251,GA5201,D,GA5251,GA5201_D,FALSE,259809,665147,259716,664985
GA5151,GA5201,C,GA5151,GA5201_C,FALSE,259662,664889,259716,664985
GA5301,GA5251,T,GA5301,GA5251_T,FALSE,259911,665287,259809,665147
GA5201,GA5251,V,GA5201,GA5251_V,FALSE,259716,664985,259809,665147
GG2001,GA5301,B,GG2001,GA5301_B,FALSE,260076,665239,259911,665287
GA4871,GA5301,E,GA4871,GA5301_E,FALSE,259560,665371,259911,665287
GA5251,GA5301,C,GA5251,GA5301_C,FALSE,259809,665147,259911,665287
GA5351,GA5301,D,GA5351,GA5301_D,FALSE,260114,665486,259911,665287
GA5371,GA5351,T,GA5371,GA5351_T,FALSE,260110,665568,260114,665486
GA5301,GA5351,V,GA5301,GA5351_V,FALSE,259911,665287,260114,665486
GA5401,GA5371,D,GA5401,GA5371_D,FALSE,260106,665646,260110,665568
GA5401,GA5371,F,GA5401,GA5371_F,FALSE,260106,665646,260110,665568
GA5351,GA5371,C,GA5351,GA5371_C,FALSE,260114,665486,260110,665568
GA4971,GA5371,A,GA4971,GA5371_A,FALSE,259909,665592,260110,665568
GA5471,GA5401,T,GA5471,GA5401_T,FALSE,260148,665806,260106,665646
GA5471,GA5401,X,GA5471,GA5401_X,FALSE,260148,665806,260106,665646
GA5371,GA5401,V,GA5371,GA5401_V,FALSE,260110,665568,260106,665646
GA5501,GA5451,T,GA5501,GA5451_T,FALSE,260279,666217,260265,665940
GG0021,GA5451,X,GG0021,GA5451_X,FALSE,260615,665873,260265,665940
GG0021,GA5451,R,GG0021,GA5451_R,FALSE,260615,665873,260265,665940
GA5471,GA5451,S,GA5471,GA5451_S,FALSE,260148,665806,260265,665940
GA5451,GA5471,B,GA5451,GA5471_B,FALSE,260265,665940,260148,665806
GA5401,GA5471,C,GA5401,GA5471_C,FALSE,260106,665646,260148,665806
GA0201,GA0251,C,GA0201,GA0251_C,FALSE,257962,665922,257957,666015
GA0301,GA0251,E,GA0301,GA0251_E,FALSE,257969,666156,257957,666015
GA0301,GA0251,D,GA0301,GA0251_D,FALSE,257969,666156,257957,666015
GA5751,GA5501,A,GA5751,GA5501_A,FALSE,260061,666233,260279,666217
GA5451,GA5501,C,GA5451,GA5501_C,FALSE,260265,665940,260279,666217
GA5401,GA5601,P,GA5401,GA5601_P,FALSE,260106,665646,260074,665730
GA4971,GA5601,M,GA4971,GA5601_M,FALSE,259909,665592,260074,665730
GH195A,GA5701,R,GH195A,GA5701_R,FALSE,259957,664624,259857,664653
GA5551,GA5701,S,GA5551,GA5701_S,FALSE,259801,664705,259857,664653
GA5501,GA5751,S,GA5501,GA5751_S,FALSE,260279,666217,260061,666233
GB0101,GB0051,V,GB0101,GB0051_V,FALSE,258327,664566,258354,664672
GB0251,GB0101,B,GB0251,GB0101_B,FALSE,258408,664547,258327,664566
GB0141,GB0101,C,GB0141,GB0101_C,FALSE,258294,664440,258327,664566
GB0141,GB0121,B,GB0141,GB0121_B,FALSE,258294,664440,258218,664478
GB0101,GB0121,D,GB0101,GB0121_D,FALSE,258327,664566,258218,664478
GB0151,GB0141,V,GB0151,GB0141_V,FALSE,258275,664348,258294,664440
GB0151,GB0141,U,GB0151,GB0141_U,FALSE,258275,664348,258294,664440
GB0351,GB0151,G,GB0351,GB0151_G,FALSE,258355,664330,258275,664348
GB0351,GB0151,B,GB0351,GB0151_B,FALSE,258355,664330,258275,664348
GB0351,GB0151,F,GB0351,GB0151_F,FALSE,258355,664330,258275,664348
GA0351,GA0301,R,GA0351,GA0301_R,FALSE,258164,666469,257969,666156
GD0801,GA0301,T,GD0801,GA0301_T,FALSE,257857,666274,257969,666156
GA0251,GA0301,S,GA0251,GA0301_S,FALSE,257957,666015,257969,666156
GA0251,GA0301,X,GA0251,GA0301_X,FALSE,257957,666015,257969,666156
GA0251,GA0301,W,GA0251,GA0301_W,FALSE,257957,666015,257969,666156
GB0601,GB0251,S,GB0601,GB0251_S,FALSE,258689,664478,258408,664547
GB0141,GB0301,A,GB0141,GB0301_A,FALSE,258294,664440,258381,664439
GB0251,GB0301,D,GB0251,GB0301_D,FALSE,258408,664547,258381,664439
GB0701,GB0351,S,GB0701,GB0351_S,FALSE,258634,664264,258355,664330
GB0301,GB0351,T,GB0301,GB0351_T,FALSE,258381,664439,258355,664330
GB0451,GB0401,V,GB0451,GB0401_V,FALSE,258620,664611,258642,664721
GB0051,GB0401,X,GB0051,GB0401_X,FALSE,258354,664672,258642,664721
GB0601,GB0451,G,GB0601,GB0451_G,FALSE,258689,664478,258620,664611
GB0551,GB0451,B,GB0551,GB0451_B,FALSE,258717,664588,258620,664611
GB0551,GB0451,F,GB0551,GB0451_F,FALSE,258717,664588,258620,664611
GB0401,GB0501,A,GB0401,GB0501_A,FALSE,258642,664721,258742,664697
GA2351,GB0501,D,GA2351,GB0501_D,FALSE,258786,664880,258742,664697
GB0501,GB0551,T,GB0501,GB0551_T,FALSE,258742,664697,258717,664588
GB0551,GB0601,D,GB0551,GB0601_D,FALSE,258717,664588,258689,664478
GB0651,GB0601,C,GB0651,GB0601_C,FALSE,258662,664368,258689,664478
GB105A,GB0601,B,GB105A,GB0601_B,FALSE,258872,664429,258689,664478
GB0601,GB0651,T,GB0601,GB0651_T,FALSE,258689,664478,258662,664368
GB0701,GB0651,V,GB0701,GB0651_V,FALSE,258634,664264,258662,664368
GB0301,GB0651,R,GB0301,GB0651_R,FALSE,258381,664439,258662,664368
GB0651,GB0701,D,GB0651,GB0701_D,FALSE,258662,664368,258634,664264
GB0751,GB0701,C,GB0751,GB0701_C,FALSE,258584,664045,258634,664264
GA0301,GA0351,C,GA0301,GA0351_C,FALSE,257969,666156,258164,666469
GD200A,GA0351,A,GD200A,GA0351_A,FALSE,258131,666585,258164,666469
GB0701,GB0751,T,GB0701,GB0751_T,FALSE,258634,664264,258584,664045
GK0051,GB0751,V,GK0051,GB0751_V,FALSE,258518,663770,258584,664045
GB1201,GB0751,S,GB1201,GB0751_S,FALSE,258922,663963,258584,664045
GB1101,GB105A,S,GB1101,GB105A_S,FALSE,259055,664373,258872,664429
GB105A,GB1101,A,GB105A,GB1101_A,FALSE,258872,664429,259055,664373
GB1371,GB1101,B,GB1371,GB1101_B,FALSE,259185,664292,259055,664373
GB1151,GB1101,C,GB1151,GB1101_C,FALSE,258996,664192,259055,664373
GB1101,GB1151,T,GB1101,GB1151_T,FALSE,259055,664373,258996,664192
GB1201,GB1151,V,GB1201,GB1151_V,FALSE,258922,663963,258996,664192
GB1321,GB1151,S,GB1321,GB1151_S,FALSE,259105,664138,258996,664192
GB1151,GB1201,D,GB1151,GB1201_D,FALSE,258996,664192,258922,663963
GB1271,GB1201,E,GB1271,GB1201_E,FALSE,258913,663626,258922,663963
GB0751,GB1201,A,GB0751,GB1201_A,FALSE,258584,664045,258922,663963
GB1281,GB1271,C,GB1281,GB1271_C,FALSE,258890,663458,258913,663626
GB1551,GB1271,B,GB1551,GB1271_B,FALSE,259196,663660,258913,663626
GB1301,GB1271,D,GB1301,GB1271_D,FALSE,258979,663951,258913,663626
GB1271,GB1281,L,GB1271,GB1281_L,FALSE,258913,663626,258890,663458
GJ2701,GB1281,K,GJ2701,GB1281_K,FALSE,258817,663155,258890,663458
GB1271,GB1301,V,GB1271,GB1301_V,FALSE,258913,663626,258979,663951
GB1321,GB1301,T,GB1321,GB1301_T,FALSE,259105,664138,258979,663951
GB1201,GB1301,R,GB1201,GB1301_R,FALSE,258922,663963,258979,663951
GB1201,GB1301,X,GB1201,GB1301_X,FALSE,258922,663963,258979,663951
GB1351,GB1321,M,GB1351,GB1321_M,FALSE,259298,664230,259105,664138
GB1301,GB1321,N,GB1301,GB1321_N,FALSE,258979,663951,259105,664138
GB1371,GB1351,A,GB1371,GB1351_A,FALSE,259185,664292,259298,664230
GB1321,GB1351,C,GB1321,GB1351_C,FALSE,259105,664138,259298,664230
GB145B,GB1351,B,GB145B,GB1351_B,FALSE,259600,664036,259298,664230
GA0651,GA0401,S,GA0651,GA0401_S,FALSE,258294,665584,258130,665622
GA0451,GA0401,T,GA0451,GA0401_T,FALSE,258154,665888,258130,665622
GA0151,GA0401,R,GA0151,GA0401_R,FALSE,258001,665649,258130,665622
GB1101,GB1371,R,GB1101,GB1371_R,FALSE,259055,664373,259185,664292
GB1351,GB1371,S,GB1351,GB1371_S,FALSE,259298,664230,259185,664292
GA5001,GB140A,M,GA5001,GB140A_M,FALSE,259447,664506,259382,664385
GB1351,GB140A,N,GB1351,GB140A_N,FALSE,259298,664230,259382,664385
GB1351,GB145A,R,GB1351,GB145A_R,FALSE,259298,664230,259602,664048
GB1601,GB145B,S,GB1601,GB145B_S,FALSE,259859,663869,259600,664036
GB1271,GB1551,R,GB1271,GB1551_R,FALSE,258913,663626,259196,663660
GI0051,GB1551,S,GI0051,GB1551_S,FALSE,259304,663623,259196,663660
GB145A,GB1601,A,GB145A,GB1601_A,FALSE,259602,664048,259859,663869
GB165A,GB1601,B,GB165A,GB1601_B,FALSE,259965,663797,259859,663869
GB1601,GB165A,R,GB1601,GB165A_R,FALSE,259859,663869,259965,663797
GH3051,GB165A,S,GH3051,GB165A_S,FALSE,260359,663816,259965,663797
GA0151,GC0051,E,GA0151,GC0051_E,FALSE,258001,665649,257696,665662
GC095A,GC0051,G,GC095A,GC0051_G,FALSE,257683,665756,257696,665662
GC0151,GC0051,D,GC0151,GC0051_D,FALSE,257394,665716,257696,665662
GC012A,GC0101,T,GC012A,GC0101_T,FALSE,257353,665507,257331,665402
GC012A,GC0101,L,GC012A,GC0101_L,FALSE,257353,665507,257331,665402
GC4151,GC0101,V,GC4151,GC0101_V,FALSE,257191,665398,257331,665402
GC4151,GC0101,W,GC4151,GC0101_W,FALSE,257191,665398,257331,665402
GC0101,GC012A,M,GC0101,GC012A_M,FALSE,257331,665402,257353,665507
GC0151,GC012A,N,GC0151,GC012A_N,FALSE,257394,665716,257353,665507
GA0401,GA0451,M,GA0401,GA0451_M,FALSE,258130,665622,258154,665888
GC120A,GC0151,A,GC120A,GC0151_A,FALSE,257159,665862,257394,665716
GC0051,GC0151,B,GC0051,GC0151_B,FALSE,257696,665662,257394,665716
GC012A,GC0151,E,GC012A,GC0151_E,FALSE,257353,665507,257394,665716
GC0251,GC0201,C,GC0251,GC0201_C,FALSE,257283,665089,257306,665250
GC0101,GC0201,D,GC0101,GC0201_D,FALSE,257331,665402,257306,665250
GC0101,GC0201,G,GC0101,GC0201_G,FALSE,257331,665402,257306,665250
GL285A,GC0251,V,GL285A,GC0251_V,FALSE,257128,664954,257283,665089
GC4051,GC0251,R,GC4051,GC0251_R,FALSE,257142,665205,257283,665089
GL285B,GC0251,M,GL285B,GC0251_M,FALSE,257125,664965,257283,665089
GC0201,GC0251,T,GC0201,GC0251_T,FALSE,257306,665250,257283,665089
GC0201,GC0251,W,GC0201,GC0251_W,FALSE,257306,665250,257283,665089
GC420A,GC0251,H,GC420A,GC0251_H,FALSE,257681,664990,257283,665089
GC0301,GC0271,A,GC0301,GC0271_A,FALSE,255621,666292,255904,666123
GC0321,GC0301,R,GC0321,GC0301_R,FALSE,255498,666274,255621,666292
GC1621,GC0301,T,GC1621,GC0301_T,FALSE,255598,666413,255621,666292
GC0301,GC0321,B,GC0301,GC0321_B,FALSE,255621,666292,255498,666274
GC1621,GC0321,D,GC1621,GC0321_D,FALSE,255598,666413,255498,666274
GC0051,GC095A,V,GC0051,GC095A_V,FALSE,257696,665662,257683,665756
GC125A,GC120A,G,GC125A,GC120A_G,FALSE,257025,665940,257159,665862
GC0151,GC120A,H,GC0151,GC120A_H,FALSE,257394,665716,257159,665862
GC1351,GC125A,E,GC1351,GC125A_E,FALSE,256836,666053,257025,665940
GC120A,GC125A,F,GC120A,GC125A_F,FALSE,257159,665862,257025,665940
GC1401,GC1301,R,GC1401,GC1301_R,FALSE,256728,666191,256873,666115
GC1351,GC1301,V,GC1351,GC1301_V,FALSE,256836,666053,256873,666115
GA1351,GA0561,B,GA1351,GA0561_B,FALSE,258482,665170,258300,665206
GC1301,GC1351,D,GC1301,GC1351_D,FALSE,256873,666115,256836,666053
GC1401,GC1351,A,GC1401,GC1351_A,FALSE,256728,666191,256836,666053
GC125A,GC1351,B,GC125A,GC1351_B,FALSE,257025,665940,256836,666053
GC1301,GC1401,G,GC1301,GC1401_G,FALSE,256873,666115,256728,666191
GC1351,GC1401,H,GC1351,GC1401_H,FALSE,256836,666053,256728,666191
GC152A,GC1401,E,GC152A,GC1401_E,FALSE,256588,666397,256728,666191
GC152A,GC1401,F,GC152A,GC1401_F,FALSE,256588,666397,256728,666191
GC155A,GC152A,C,GC155A,GC152A_C,FALSE,256453,666471,256588,666397
GC1401,GC152A,D,GC1401,GC152A_D,FALSE,256728,666191,256588,666397
GC1601,GC155A,A,GC1601,GC155A_A,FALSE,256211,666538,256453,666471
GC152A,GC155A,B,GC152A,GC155A_B,FALSE,256588,666397,256453,666471
GC155A,GC1601,S,GC155A,GC1601_S,FALSE,256453,666471,256211,666538
GC165A,GC1601,R,GC165A,GC1601_R,FALSE,256043,666582,256211,666538
GD0971,GC1601,P,GD0971,GC1601_P,FALSE,256374,666741,256211,666538
GC1631,GC1621,A,GC1631,GC1621_A,FALSE,255497,666391,255598,666413
GC1631,GC1621,F,GC1631,GC1621_F,FALSE,255497,666391,255598,666413
GC0321,GC1631,V,GC0321,GC1631_V,FALSE,255498,666274,255497,666391
GC0321,GC1631,X,GC0321,GC1631_X,FALSE,255498,666274,255497,666391
GC168A,GC165A,A,GC168A,GC165A_A,FALSE,255890,666586,256043,666582
GC1601,GC165A,B,GC1601,GC165A_B,FALSE,256211,666538,256043,666582
GC165A,GC168A,S,GC165A,GC168A_S,FALSE,256043,666582,255890,666586
GC1701,GC168A,R,GC1701,GC168A_R,FALSE,255612,666590,255890,666586
GC168A,GC1701,B,GC168A,GC1701_B,FALSE,255890,666586,255612,666590
GC1751,GC1701,A,GC1751,GC1701_A,FALSE,255391,666593,255612,666590
GA1051,GA0571,N,GA1051,GA0571_N,FALSE,258433,665365,258342,665385
GA0561,GA0571,V,GA0561,GA0571_V,FALSE,258300,665206,258342,665385
GC1701,GC1751,S,GC1701,GC1751_S,FALSE,255612,666590,255391,666593
GC180A,GC1751,R,GC180A,GC1751_R,FALSE,255161,666596,255391,666593
GC1751,GC180A,B,GC1751,GC180A_B,FALSE,255391,666593,255161,666596
GC185A,GC180A,A,GC185A,GC180A_A,FALSE,255014,666600,255161,666596
GC180A,GC185A,S,GC180A,GC185A_S,FALSE,255161,666596,255014,666600
GC2381,GC237A,M,GC2381,GC237A_M,FALSE,251523,668519,251748,668340
GC2401,GC2381,R,GC2401,GC2381_R,FALSE,251351,668658,251523,668519
GC237A,GC2381,S,GC237A,GC2381_S,FALSE,251748,668340,251523,668519
GC2411,GC2401,A,GC2411,GC2401_A,FALSE,251267,668724,251351,668658
GC2381,GC2401,B,GC2381,GC2401_B,FALSE,251523,668519,251351,668658
GA0571,GA058A,B,GA0571,GA058A_B,FALSE,258342,665385,258265,665399
GA0571,GA058A,C,GA0571,GA058A_C,FALSE,258342,665385,258265,665399
GC242A,GC2411,M,GC242A,GC2411_M,FALSE,251060,668894,251267,668724
GC2401,GC2411,N,GC2401,GC2411_N,FALSE,251351,668658,251267,668724
GC2411,GC242A,S,GC2411,GC242A_S,FALSE,251267,668724,251060,668894
GC0251,GC4051,B,GC0251,GC4051_B,FALSE,257283,665089,257142,665205
GC4101,GC4051,D,GC4101,GC4051_D,FALSE,257165,665285,257142,665205
GC4051,GC4101,V,GC4051,GC4101_V,FALSE,257142,665205,257165,665285
GC0201,GC4101,S,GC0201,GC4101_S,FALSE,257306,665250,257165,665285
GC0201,GC4101,Y,GC0201,GC4101_Y,FALSE,257306,665250,257165,665285
GC4101,GC4151,C,GC4101,GC4151_C,FALSE,257165,665285,257191,665398
GC4101,GC4151,E,GC4101,GC4151_E,FALSE,257165,665285,257191,665398
GC4251,GC420A,S,GC4251,GC420A_S,FALSE,257794,664957,257681,664990
GC0251,GC420A,G,GC0251,GC420A_G,FALSE,257283,665089,257681,664990
GA0101,GC4251,D,GA0101,GC4251_D,FALSE,258005,664949,257794,664957
GD0101,GD005A,R,GD0101,GD005A_R,FALSE,257771,666779,257948,666670
GD005A,GD0101,B,GD005A,GD0101_B,FALSE,257948,666670,257771,666779
GD0151,GD0101,A,GD0151,GD0101_A,FALSE,257572,666903,257771,666779
GD0101,GD0151,S,GD0101,GD0151_S,FALSE,257771,666779,257572,666903
GD019A,GD0151,R,GD019A,GD0151_R,FALSE,257426,666994,257572,666903
GA058A,GA0601,V,GA058A,GA0601_V,FALSE,258265,665399,258272,665497
GA0651,GA0601,T,GA0651,GA0601_T,FALSE,258294,665584,258272,665497
GD0151,GD019A,B,GD0151,GD019A_B,FALSE,257572,666903,257426,666994
GD0201,GD019A,A,GD0201,GD019A_A,FALSE,257309,667068,257426,666994
GD019A,GD0201,S,GD019A,GD0201_S,FALSE,257426,666994,257309,667068
GD025A,GD0201,R,GD025A,GD0201_R,FALSE,257119,667176,257309,667068
GD0201,GD025A,B,GD0201,GD025A_B,FALSE,257309,667068,257119,667176
GD030A,GD025A,A,GD030A,GD025A_A,FALSE,257014,667246,257119,667176
GD025A,GD030A,S,GD025A,GD030A_S,FALSE,257119,667176,257014,667246
GD0351,GD030A,R,GD0351,GD030A_R,FALSE,256839,667343,257014,667246
GD030A,GD0351,B,GD030A,GD0351_B,FALSE,257014,667246,256839,667343
GD0451,GD0351,A,GD0451,GD0351_A,FALSE,256379,667644,256839,667343
GD107A,GD0351,C,GD107A,GD0351_C,FALSE,256726,667243,256839,667343
GD0351,GD0451,S,GD0351,GD0451_S,FALSE,256839,667343,256379,667644
GD0501,GD0451,R,GD0501,GD0451_R,FALSE,256017,667882,256379,667644
GD0451,GD0501,B,GD0451,GD0501_B,FALSE,256379,667644,256017,667882
GD0551,GD0501,A,GD0551,GD0501_A,FALSE,255616,668132,256017,667882
GD0501,GD0551,S,GD0501,GD0551_S,FALSE,256017,667882,255616,668132
GD0601,GD0551,R,GD0601,GD0551_R,FALSE,255144,668470,255616,668132
GD0551,GD0601,B,GD0551,GD0601_B,FALSE,255616,668132,255144,668470
GD0651,GD0601,A,GD0651,GD0601_A,FALSE,254930,668601,255144,668470
GD0601,GD0651,S,GD0601,GD0651_S,FALSE,255144,668470,254930,668601
GD0671,GD0651,R,GD0671,GD0651_R,FALSE,254839,668671,254930,668601
GA0401,GA0651,A,GA0401,GA0651_A,FALSE,258130,665622,258294,665584
GA070A,GA0651,B,GA070A,GA0651_B,FALSE,258448,665547,258294,665584
GA070A,GA0651,C,GA070A,GA0651_C,FALSE,258448,665547,258294,665584
GA0601,GA0651,D,GA0601,GA0651_D,FALSE,258272,665497,258294,665584
GD0651,GD0671,B,GD0651,GD0671_B,FALSE,254930,668601,254839,668671
GA0301,GD0801,B,GA0301,GD0801_B,FALSE,257969,666156,257857,666274
GC1601,GD0971,C,GC1601,GD0971_C,FALSE,256211,666538,256374,666741
GD1001,GD0971,D,GD1001,GD0971_D,FALSE,256507,666926,256374,666741
GD105A,GD1001,T,GD105A,GD1001_T,FALSE,256618,667094,256507,666926
GD0971,GD1001,V,GD0971,GD1001_V,FALSE,256374,666741,256507,666926
GD1001,GD105A,Q,GD1001,GD105A_Q,FALSE,256507,666926,256618,667094
GD107A,GD105A,P,GD107A,GD105A_P,FALSE,256726,667243,256618,667094
GD0351,GD107A,M,GD0351,GD107A_M,FALSE,256839,667343,256726,667243
GD105A,GD107A,N,GD105A,GD107A_N,FALSE,256618,667094,256726,667243
GD1301,GD1251,R,GD1301,GD1251_R,FALSE,254799,667404,254985,667160
GD1401,GD1301,A,GD1401,GD1301_A,FALSE,254600,667707,254799,667404
GD1251,GD1301,B,GD1251,GD1301_B,FALSE,254985,667160,254799,667404
GD1351,GD1301,C,GD1351,GD1301_C,FALSE,254526,667285,254799,667404
GD138B,GD1351,Y,GD138B,GD1351_Y,FALSE,254555,667394,254526,667285
GD1301,GD1351,Q,GD1301,GD1351_Q,FALSE,254799,667404,254526,667285
GA1361,GA070A,S,GA1361,GA070A_S,FALSE,258567,665519,258448,665547
GD1351,GD138A,X,GD1351,GD138A_X,FALSE,254526,667285,254546,667393
GD1401,GD138B,P,GD1401,GD138B_P,FALSE,254600,667707,254555,667394
GD143A,GD1401,K,GD143A,GD1401_K,FALSE,254577,667845,254600,667707
GD1301,GD1401,N,GD1301,GD1401_N,FALSE,254799,667404,254600,667707
GD138A,GD1401,O,GD138A,GD1401_O,FALSE,254546,667393,254600,667707
GD1451,GD143A,G,GD1451,GD143A_G,FALSE,254609,668039,254577,667845
GD1401,GD143B,L,GD1401,GD143B_L,FALSE,254600,667707,254588,667848
GD1501,GD1451,D,GD1501,GD1451_D,FALSE,254632,668251,254609,668039
GD143B,GD1451,H,GD143B,GD1451_H,FALSE,254588,667848,254609,668039
GD205A,GD200A,R,GD205A,GD200A_R,FALSE,258112,666726,258131,666585
GA0351,GD200A,S,GA0351,GD200A_S,FALSE,258164,666469,258131,666585
GD207A,GD205A,A,GD207A,GD205A_A,FALSE,258030,666951,258112,666726
GD200A,GD205A,B,GD200A,GD205A_B,FALSE,258131,666585,258112,666726
GA1321,GA1051,S,GA1321,GA1051_S,FALSE,258526,665350,258433,665365
GD2091,GD207A,T,GD2091,GD207A_T,FALSE,258007,667133,258030,666951
GD205A,GD207A,S,GD205A,GD207A_S,FALSE,258112,666726,258030,666951
GD207A,GD2091,B,GD207A,GD2091_B,FALSE,258030,666951,258007,667133
GD210A,GD2091,R,GD210A,GD2091_R,FALSE,257997,667243,258007,667133
GD2151,GD210A,A,GD2151,GD210A_A,FALSE,257949,667543,257997,667243
GD2091,GD210A,C,GD2091,GD210A_C,FALSE,258007,667133,257997,667243
GD217A,GD2151,R,GD217A,GD2151_R,FALSE,257793,667631,257949,667543
GD210A,GD2151,S,GD210A,GD2151_S,FALSE,257997,667243,257949,667543
GD2251,GD217A,A,GD2251,GD217A_A,FALSE,257544,667806,257793,667631
GD2151,GD217A,B,GD2151,GD217A_B,FALSE,257949,667543,257793,667631
GD2301,GD2251,R,GD2301,GD2251_R,FALSE,257438,668044,257544,667806
GD217A,GD2251,S,GD217A,GD2251_S,FALSE,257793,667631,257544,667806
GD237A,GD2301,A,GD237A,GD2301_A,FALSE,257310,668192,257438,668044
GD2251,GD2301,B,GD2251,GD2301_B,FALSE,257544,667806,257438,668044
GD2451,GD237A,R,GD2451,GD237A_R,FALSE,257096,668449,257310,668192
GD2301,GD237A,S,GD2301,GD237A_S,FALSE,257438,668044,257310,668192
GD255A,GD2451,A,GD255A,GD2451_A,FALSE,256892,668752,257096,668449
GD237A,GD2451,B,GD237A,GD2451_B,FALSE,257310,668192,257096,668449
GD2601,GD255A,R,GD2601,GD255A_R,FALSE,256627,668932,256892,668752
GD2451,GD255A,S,GD2451,GD255A_S,FALSE,257096,668449,256892,668752
GA1251,GA1201,D,GA1251,GA1201_D,FALSE,258682,666368,258651,666192
GA1451,GA1201,B,GA1451,GA1201_B,FALSE,258729,666097,258651,666192
GA1451,GA1201,H,GA1451,GA1201_H,FALSE,258729,666097,258651,666192
GD2651,GD2601,A,GD2651,GD2601_A,FALSE,256434,669155,256627,668932
GD255A,GD2601,B,GD255A,GD2601_B,FALSE,256892,668752,256627,668932
GD2701,GD2651,R,GD2701,GD2651_R,FALSE,256322,669437,256434,669155
GD271A,GD2701,A,GD271A,GD2701_A,FALSE,256232,669605,256322,669437
GD2651,GD2701,B,GD2651,GD2701_B,FALSE,256434,669155,256322,669437
GD2721,GD271A,F,GD2721,GD271A_F,FALSE,256122,669751,256232,669605
GD2701,GD271A,E,GD2701,GD271A_E,FALSE,256322,669437,256232,669605
GD271A,GD2721,S,GD271A,GD2721_S,FALSE,256232,669605,256122,669751
GA1251,GD3051,B,GA1251,GD3051_B,FALSE,258682,666368,258585,666900
GD310A,GD3051,E,GD310A,GD3051_E,FALSE,258833,667209,258585,666900
GE0101,GD310A,R,GE0101,GD310A_R,FALSE,259054,667279,258833,667209
GD3051,GD310A,S,GD3051,GD310A_S,FALSE,258585,666900,258833,667209
GD5601,GD5401,D,GD5601,GD5401_D,FALSE,251090,670690,251366,670337
GD5401,GD5601,R,GD5401,GD5601_R,FALSE,251366,670337,251090,670690
GE015A,GE0101,A,GE015A,GE0101_A,FALSE,259075,667630,259054,667279
GD310A,GE0101,F,GD310A,GE0101_F,FALSE,258833,667209,259054,667279
GD310A,GE0101,D,GD310A,GE0101_D,FALSE,258833,667209,259054,667279
GD3051,GA1251,R,GD3051,GA1251_R,FALSE,258585,666900,258682,666368
GA1201,GA1251,T,GA1201,GA1251_T,FALSE,258651,666192,258682,666368
GE0101,GE015A,M,GE0101,GE015A_M,FALSE,259054,667279,259075,667630
GE020A,GE015A,N,GE020A,GE015A_N,FALSE,259085,667783,259075,667630
GE015A,GE020A,P,GE015A,GE020A_P,FALSE,259075,667630,259085,667783
GE025A,GE020A,Q,GE025A,GE020A_Q,FALSE,259086,667926,259085,667783
GE020A,GE025A,R,GE020A,GE025A_R,FALSE,259085,667783,259086,667926
GE0271,GE025A,S,GE0271,GE025A_S,FALSE,258962,668085,259086,667926
GE0301,GE0271,A,GE0301,GE0271_A,FALSE,258917,668249,258962,668085
GE025A,GE0271,C,GE025A,GE0271_C,FALSE,259086,667926,258962,668085
GE032A,GE0301,R,GE032A,GE0301_R,FALSE,258814,668717,258917,668249
GE0271,GE0301,T,GE0271,GE0301_T,FALSE,258962,668085,258917,668249
GE0401,GE0301,S,GE0401,GE0301_S,FALSE,259402,668215,258917,668249
GE0351,GE032A,A,GE0351,GE032A_A,FALSE,258742,669005,258814,668717
GE0301,GE032A,B,GE0301,GE032A_B,FALSE,258917,668249,258814,668717
GE052A,GE0351,R,GE052A,GE0351_R,FALSE,258543,669262,258742,669005
GE032A,GE0351,T,GE032A,GE0351_T,FALSE,258814,668717,258742,669005
GE0301,GE0401,M,GE0301,GE0401_M,FALSE,258917,668249,259402,668215
GE0451,GE0401,P,GE0451,GE0401_P,FALSE,259837,668261,259402,668215
GE0401,GE0451,R,GE0401,GE0451_R,FALSE,259402,668215,259837,668261
GE225A,GE0451,T,GE225A,GE0451_T,FALSE,260159,668226,259837,668261
GE0551,GE052A,A,GE0551,GE052A_A,FALSE,258407,669481,258543,669262
GE0351,GE052A,B,GE0351,GE052A_B,FALSE,258742,669005,258543,669262
GA1281,GA127A,E,GA1281,GA127A_E,FALSE,258379,664956,258292,664952
GA0101,GA127A,S,GA0101,GA127A_S,FALSE,258005,664949,258292,664952
GE052A,GE0551,S,GE052A,GE0551_S,FALSE,258543,669262,258407,669481
GE1851,GE1801,F,GE1851,GE1801_F,FALSE,260414,666919,260406,666831
GE1851,GE1801,G,GE1851,GE1801_G,FALSE,260414,666919,260406,666831
GE1801,GE1851,V,GE1801,GE1851_V,FALSE,260406,666831,260414,666919
GE1901,GE1851,T,GE1901,GE1851_T,FALSE,260452,667157,260414,666919
GE1801,GE1851,X,GE1801,GE1851_X,FALSE,260406,666831,260414,666919
GE1851,GE1901,C,GE1851,GE1901_C,FALSE,260414,666919,260452,667157
GE2151,GE1901,D,GE2151,GE1901_D,FALSE,260359,667473,260452,667157
GE1901,GE2151,V,GE1901,GE2151_V,FALSE,260452,667157,260359,667473
GE222A,GE2151,S,GE222A,GE2151_S,FALSE,260572,667697,260359,667473
GE2151,GE222A,A,GE2151,GE222A_A,FALSE,260359,667473,260572,667697
GE2271,GE225A,B,GE2271,GE225A_B,FALSE,260431,668131,260159,668226
GE0451,GE225A,A,GE0451,GE225A_A,FALSE,259837,668261,260159,668226
GE2301,GE2271,S,GE2301,GE2271_S,FALSE,260741,668014,260431,668131
GE225A,GE2271,R,GE225A,GE2271_R,FALSE,260159,668226,260431,668131
GE2271,GE2301,A,GE2271,GE2301_A,FALSE,260431,668131,260741,668014
GA1301,GA1281,B,GA1301,GA1281_B,FALSE,258460,664946,258379,664956
GA127A,GA1281,D,GA127A,GA1281_D,FALSE,258292,664952,258379,664956
GE245A,GE240A,A,GE245A,GE240A_A,FALSE,260555,669095,260502,668884
GE2501,GE245A,R,GE2501,GE245A_R,FALSE,260560,669300,260555,669095
GE240A,GE245A,S,GE240A,GE245A_S,FALSE,260502,668884,260555,669095
GE245A,GE2501,D,GE245A,GE2501_D,FALSE,260555,669095,260560,669300
GF0301,GF0251,S,GF0301,GF0251_S,FALSE,263030,667246,262843,667209
GF0251,GF0301,A,GF0251,GF0301_A,FALSE,262843,667209,263030,667246
GG050A,GF205A,V,GG050A,GF205A_V,FALSE,262650,665692,262903,665998
GF210A,GF205A,T,GF210A,GF205A_T,FALSE,263039,666171,262903,665998
GF215A,GF210A,D,GF215A,GF210A_D,FALSE,263248,666451,263039,666171
GF205A,GF210A,C,GF205A,GF210A_C,FALSE,262903,665998,263039,666171
GF2201,GF215A,T,GF2201,GF215A_T,FALSE,263371,666607,263248,666451
GF210A,GF215A,V,GF210A,GF215A_V,FALSE,263039,666171,263248,666451
GF2251,GF2201,D,GF2251,GF2201_D,FALSE,263451,666711,263371,666607
GF2251,GF2201,H,GF2251,GF2201_H,FALSE,263451,666711,263371,666607
GF215A,GF2201,C,GF215A,GF2201_C,FALSE,263248,666451,263371,666607
GF215A,GF2201,G,GF215A,GF2201_G,FALSE,263248,666451,263371,666607
GF2201,GF2251,V,GF2201,GF2251_V,FALSE,263371,666607,263451,666711
GA1851,GA1301,P,GA1851,GA1301_P,FALSE,258650,664912,258460,664946
GA1851,GA1301,G,GA1851,GA1301_G,FALSE,258650,664912,258460,664946
GA1281,GA1301,A,GA1281,GA1301_A,FALSE,258379,664956,258460,664946
GA5451,GG0021,A,GA5451,GG0021_A,FALSE,260265,665940,260615,665873
GG015A,GG012A,R,GG015A,GG012A_R,FALSE,261547,665562,261403,665589
GG012A,GG015A,A,GG012A,GG015A_A,FALSE,261403,665589,261547,665562
GG0171,GG015A,B,GG0171,GG015A_B,FALSE,261729,665529,261547,665562
GG015A,GG0171,S,GG015A,GG0171_S,FALSE,261547,665562,261729,665529
GG0251,GG0171,R,GG0251,GG0171_R,FALSE,261916,665498,261729,665529
GG0221,GG0171,V,GG0221,GG0171_V,FALSE,261716,665385,261729,665529
GG0171,GG0221,N,GG0171,GG0221_N,FALSE,261729,665529,261716,665385
GG0251,GG0221,G,GG0251,GG0221_G,FALSE,261916,665498,261716,665385
GG2351,GG0221,M,GG2351,GG0221_M,FALSE,261551,665011,261716,665385
GG0171,GG0251,A,GG0171,GG0251_A,FALSE,261729,665529,261916,665498
GG030A,GG0251,B,GG030A,GG0251_B,FALSE,262159,665459,261916,665498
GG0221,GG0251,C,GG0221,GG0251_C,FALSE,261716,665385,261916,665498
GG0251,GG030A,S,GG0251,GG030A_S,FALSE,261916,665498,262159,665459
GG0351,GG030A,R,GG0351,GG030A_R,FALSE,262453,665437,262159,665459
GG030A,GG0351,A,GG030A,GG0351_A,FALSE,262159,665459,262453,665437
GG0401,GG0351,D,GG0401,GG0351_D,FALSE,262532,665544,262453,665437
GG050A,GG0401,T,GG050A,GG0401_T,FALSE,262650,665692,262532,665544
GA1571,GA1321,B,GA1571,GA1321_B,FALSE,258620,665331,258526,665350
GA1351,GA1321,C,GA1351,GA1321_C,FALSE,258482,665170,258526,665350
GG0401,GG050A,C,GG0401,GG050A_C,FALSE,262532,665544,262650,665692
GF205A,GG050A,D,GF205A,GG050A_D,FALSE,262903,665998,262650,665692
GG1101,GG1051,A,GG1101,GG1051_A,FALSE,265162,666056,265218,665826
GG1151,GG1101,R,GG1151,GG1101_R,FALSE,265081,666221,265162,666056
GG1051,GG1101,T,GG1051,GG1101_T,FALSE,265218,665826,265162,666056
GG1171,GG1151,A,GG1171,GG1151_A,FALSE,265009,666351,265081,666221
GG1101,GG1151,B,GG1101,GG1151_B,FALSE,265162,666056,265081,666221
GG1201,GG1171,R,GG1201,GG1171_R,FALSE,264917,666541,265009,666351
GG1151,GG1171,T,GG1151,GG1171_T,FALSE,265081,666221,265009,666351
GG1171,GG1201,B,GG1171,GG1201_B,FALSE,265009,666351,264917,666541
GG1601,GG1551,R,GG1601,GG1551_R,FALSE,266899,665789,266710,665687
GG1551,GG1601,C,GG1551,GG1601_C,FALSE,266710,665687,266899,665789
GG180A,GG1601,V,GG180A,GG1601_V,FALSE,267036,665849,266899,665789
GG180A,GG1751,A,GG180A,GG1751_A,FALSE,267036,665849,267185,665976
GA1321,GA1331,V,GA1321,GA1331_V,FALSE,258526,665350,258547,665437
GG1601,GG180A,H,GG1601,GG180A_H,FALSE,266899,665789,267036,665849
GG1751,GG180A,G,GG1751,GG180A_G,FALSE,267185,665976,267036,665849
GA5301,GG2001,S,GA5301,GG2001_S,FALSE,259911,665287,260076,665239
GG2021,GG2001,R,GG2021,GG2001_R,FALSE,260220,665201,260076,665239
GG2001,GG2021,A,GG2001,GG2021_A,FALSE,260076,665239,260220,665201
GG2051,GG2021,B,GG2051,GG2021_B,FALSE,260283,665185,260220,665201
GG2021,GG2051,S,GG2021,GG2051_S,FALSE,260220,665201,260283,665185
GG210A,GG2051,R,GG210A,GG2051_R,FALSE,260521,665118,260283,665185
GG2051,GG210A,A,GG2051,GG210A_A,FALSE,260283,665185,260521,665118
GG2151,GG210A,B,GG2151,GG210A_B,FALSE,260890,665023,260521,665118
GG210A,GG2151,S,GG210A,GG2151_S,FALSE,260521,665118,260890,665023
GG220A,GG2151,R,GG220A,GG2151_R,FALSE,261069,665026,260890,665023
GG2151,GG220A,A,GG2151,GG220A_A,FALSE,260890,665023,261069,665026
GG225A,GG220A,B,GG225A,GG220A_B,FALSE,261218,665029,261069,665026
GG220A,GG225A,S,GG220A,GG225A_S,FALSE,261069,665026,261218,665029
GG230A,GG225A,R,GG230A,GG225A_R,FALSE,261392,665028,261218,665029
GG225A,GG230A,A,GG225A,GG230A_A,FALSE,261218,665029,261392,665028
GG2351,GG230A,B,GG2351,GG230A_B,FALSE,261551,665011,261392,665028
GG230A,GG2351,S,GG230A,GG2351_S,FALSE,261392,665028,261551,665011
GG240A,GG2351,R,GG240A,GG2351_R,FALSE,261940,664964,261551,665011
GG0221,GG2351,T,GG0221,GG2351_T,FALSE,261716,665385,261551,665011
GA1551,GA1351,S,GA1551,GA1351_S,FALSE,258575,665151,258482,665170
GA0561,GA1351,R,GA0561,GA1351_R,FALSE,258300,665206,258482,665170
GA1301,GA1351,V,GA1301,GA1351_V,FALSE,258460,664946,258482,665170
GG2351,GG240A,A,GG2351,GG240A_A,FALSE,261551,665011,261940,664964
GG2581,GG2571,R,GG2581,GG2571_R,FALSE,262546,664592,262440,664651
GG2571,GG2581,A,GG2571,GG2581_A,FALSE,262440,664651,262546,664592
GH0901,GG2581,C,GH0901,GG2581_C,FALSE,262535,664407,262546,664592
GG2591,GG2581,B,GG2591,GG2581_B,FALSE,263098,664394,262546,664592
GG2581,GG2591,M,GG2581,GG2591_M,FALSE,262546,664592,263098,664394
GG2601,GG2591,N,GG2601,GG2591_N,FALSE,263292,664354,263098,664394
GG2602,GG2601,G,GG2602,GG2601_G,FALSE,664330,263424,263292,664354
GG2591,GG2601,H,GG2591,GG2601_H,FALSE,263098,664394,263292,664354
GH1051,GG2601,W,GH1051,GG2601_W,FALSE,262540,664188,263292,664354
GG267A,GG2602,R,GG267A,GG2602_R,FALSE,263594,664294,664330,263424
GG2601,GG2602,T,GG2601,GG2602_T,FALSE,263292,664354,664330,263424
GG2602,GG267A,A,GG2602,GG267A_A,FALSE,664330,263424,263594,664294
GG268A,GG267A,B,GG268A,GG267A_B,FALSE,263783,664260,263594,664294
GG267A,GG268A,S,GG267A,GG268A_S,FALSE,263594,664294,263783,664260
GG2701,GG268A,R,GG2701,GG268A_R,FALSE,263968,664224,263783,664260
GG268A,GG2701,A,GG268A,GG2701_A,FALSE,263783,664260,263968,664224
GG272A,GG2701,B,GG272A,GG2701_B,FALSE,264085,664205,263968,664224
GA1651,GA1361,B,GA1651,GA1361_B,FALSE,258660,665495,258567,665519
GA1331,GA1361,C,GA1331,GA1361_C,FALSE,258547,665437,258567,665519
GG2701,GG272A,S,GG2701,GG272A_S,FALSE,263968,664224,264085,664205
GG2751,GG272A,R,GG2751,GG272A_R,FALSE,264288,664183,264085,664205
GG272A,GG2751,A,GG272A,GG2751_A,FALSE,264085,664205,264288,664183
GG280A,GG2751,B,GG280A,GG2751_B,FALSE,264490,664165,264288,664183
GG2751,GG280A,S,GG2751,GG280A_S,FALSE,264288,664183,264490,664165
GG3001,GG280A,R,GG3001,GG280A_R,FALSE,264742,664161,264490,664165
GG3001,GG2881,M,GG3001,GG2881_M,FALSE,264742,664161,264642,664231
GG2891,GG2881,A,GG2891,GG2881_A,FALSE,264751,664238,264642,664231
GG2881,GG2891,T,GG2881,GG2891_T,FALSE,264642,664231,264751,664238
GG2941,GG2891,S,GG2941,GG2891_S,FALSE,264855,664234,264751,664238
GG2951,GG2941,X,GG2951,GG2941_X,FALSE,264845,664139,264855,664234
GG2891,GG2941,C,GG2891,GG2941_C,FALSE,264751,664238,264855,664234
GG3001,GG2951,S,GG3001,GG2951_S,FALSE,264742,664161,264845,664139
GG2941,GG2951,T,GG2941,GG2951_T,FALSE,264855,664234,264845,664139
GG280A,GG3001,A,GG280A,GG3001_A,FALSE,264490,664165,264742,664161
GG2951,GG3001,B,GG2951,GG3001_B,FALSE,264845,664139,264742,664161
GG2881,GG3001,X,GG2881,GG3001_X,FALSE,264642,664231,264742,664161
GA1361,GA1371,V,GA1361,GA1371_V,FALSE,258567,665519,258590,665614
GH0101,GH002A,R,GH0101,GH002A_R,FALSE,260328,664758,260041,664740
GH002A,GH0101,A,GH002A,GH0101_A,FALSE,260041,664740,260328,664758
GH0151,GH0101,B,GH0151,GH0101_B,FALSE,260737,664707,260328,664758
GH0101,GH0151,S,GH0101,GH0151_S,FALSE,260328,664758,260737,664707
GH020A,GH0151,R,GH020A,GH0151_R,FALSE,260937,664650,260737,664707
GH0151,GH020A,A,GH0151,GH020A_A,FALSE,260737,664707,260937,664650
GH025A,GH020A,B,GH025A,GH020A_B,FALSE,261318,664574,260937,664650
GH020A,GH025A,S,GH020A,GH025A_S,FALSE,260937,664650,261318,664574
GH0301,GH025A,R,GH0301,GH025A_R,FALSE,261431,664552,261318,664574
GH025A,GH0301,A,GH025A,GH0301_A,FALSE,261318,664574,261431,664552
GH050A,GH0301,B,GH050A,GH0301_B,FALSE,261568,664522,261431,664552
GH0401,GH0301,D,GH0401,GH0301_D,FALSE,261417,664385,261431,664552
GH0301,GH0401,T,GH0301,GH0401_T,FALSE,261431,664552,261417,664385
GH2151,GH0401,V,GH2151,GH0401_V,FALSE,261348,663961,261417,664385
GH0301,GH050A,S,GH0301,GH050A_S,FALSE,261431,664552,261568,664522
GH1051,GH0901,V,GH1051,GH0901_V,FALSE,262540,664188,262535,664407
GG2581,GH0901,T,GG2581,GH0901_T,FALSE,262546,664592,262535,664407
GH1021,GH1001,B,GH1021,GH1001_B,FALSE,262197,664389,261836,664449
GH2201,GH1001,D,GH2201,GH1001_D,FALSE,261740,663895,261836,664449
GH1001,GH1021,S,GH1001,GH1021_S,FALSE,261836,664449,262197,664389
GH1051,GH1021,R,GH1051,GH1021_R,FALSE,262540,664188,262197,664389
GH1021,GH1051,A,GH1021,GH1051_A,FALSE,262197,664389,262540,664188
GG2601,GH1051,C,GG2601,GH1051_C,FALSE,263292,664354,262540,664188
GH0901,GH1051,E,GH0901,GH1051_E,FALSE,262535,664407,262540,664188
GA5701,GH195A,A,GA5701,GH195A_A,FALSE,259857,664653,259957,664624
GH2001,GH195A,B,GH2001,GH195A_B,FALSE,260068,664517,259957,664624
GH195A,GH195B,L,GH195A,GH195B_L,FALSE,259957,664624,259929,664576
GH202A,GH2001,R,GH202A,GH2001_R,FALSE,260186,664402,260068,664517
GH2001,GH202A,A,GH2001,GH202A_A,FALSE,260068,664517,260186,664402
GH2051,GH202A,B,GH2051,GH202A_B,FALSE,260407,664174,260186,664402
GH202A,GH2051,S,GH202A,GH2051_S,FALSE,260186,664402,260407,664174
GH3051,GH2051,R,GH3051,GH2051_R,FALSE,260359,663816,260407,664174
GH2201,GH2151,B,GH2201,GH2151_B,FALSE,261740,663895,261348,663961
GH322A,GH2151,D,GH322A,GH2151_D,FALSE,261237,663588,261348,663961
GH0401,GH2151,C,GH0401,GH2151_C,FALSE,261417,664385,261348,663961
GH2151,GH2201,S,GH2151,GH2201_S,FALSE,261348,663961,261740,663895
GH3451,GH2201,V,GH3451,GH2201_V,FALSE,261661,663656,261740,663895
GH1001,GH2201,T,GH1001,GH2201_T,FALSE,261836,664449,261740,663895
GA1201,GA1451,R,GA1201,GA1451_R,FALSE,258651,666192,258729,666097
GA2301,GA1451,S,GA2301,GA1451_S,FALSE,258891,666039,258729,666097
GH2201,GH225A,M,GH2201,GH225A_M,FALSE,261740,663895,262058,663844
GH225A,GH2601,A,GH225A,GH2601_A,FALSE,262058,663844,262219,663816
GH2621,GH2601,C,GH2621,GH2601_C,FALSE,262495,663661,262219,663816
GH2601,GH2621,G,GH2601,GH2621_G,FALSE,262219,663816,262495,663661
GH2671,GH2621,A,GH2671,GH2621_A,FALSE,262597,663572,262495,663661
GH2621,GH2671,R,GH2621,GH2671_R,FALSE,262495,663661,262597,663572
GH4601,GH2701,G,GH4601,GH2701_G,FALSE,264051,662634,263536,662893
GH307A,GH3051,B,GH307A,GH3051_B,FALSE,260442,663595,260359,663816
GH3051,GH307A,E,GH3051,GH307A_E,FALSE,260359,663816,260442,663595
GH3101,GH307A,G,GH3101,GH307A_G,FALSE,260712,663260,260442,663595
GH307A,GH3101,S,GH307A,GH3101_S,FALSE,260442,663595,260712,663260
GH312A,GH3101,V,GH312A,GH3101_V,FALSE,260640,663127,260712,663260
GH3171,GH3101,T,GH3171,GH3101_T,FALSE,260929,663285,260712,663260
GI0301,GH312A,C,GI0301,GH312A_C,FALSE,260562,663040,260640,663127
GH3101,GH312A,D,GH3101,GH312A_D,FALSE,260712,663260,260640,663127
GH3101,GH3171,C,GH3101,GH3171_C,FALSE,260712,663260,260929,663285
GH3251,GH3171,E,GH3251,GH3171_E,FALSE,261114,663482,260929,663285
GH3271,GH3171,D,GH3271,GH3171_D,FALSE,261243,663278,260929,663285
GH3251,GH320A,B,GH3251,GH320A_B,FALSE,261114,663482,261019,663614
GH3251,GH322A,G,GH3251,GH322A_G,FALSE,261114,663482,261237,663588
GH2151,GH322A,H,GH2151,GH322A_H,FALSE,261348,663961,261237,663588
GH320A,GH3251,S,GH320A,GH3251_S,FALSE,261019,663614,261114,663482
GH3271,GH3251,R,GH3271,GH3251_R,FALSE,261243,663278,261114,663482
GH322A,GH3251,T,GH322A,GH3251_T,FALSE,261237,663588,261114,663482
GH3171,GH3251,V,GH3171,GH3251_V,FALSE,260929,663285,261114,663482
GH322A,GH3251,W,GH322A,GH3251_W,FALSE,261237,663588,261114,663482
GH3301,GH3271,L,GH3301,GH3271_L,FALSE,261369,663106,261243,663278
GH3171,GH3271,M,GH3171,GH3271_M,FALSE,260929,663285,261243,663278
GH340A,GH3271,N,GH340A,GH3271_N,FALSE,261378,663393,261243,663278
GH3251,GH3271,K,GH3251,GH3271_K,FALSE,261114,663482,261243,663278
GH3271,GH3301,A,GH3271,GH3301_A,FALSE,261243,663278,261369,663106
GH335A,GH3301,B,GH335A,GH3301_B,FALSE,261457,663026,261369,663106
GH3301,GH335A,S,GH3301,GH335A_S,FALSE,261369,663106,261457,663026
GH337A,GH335A,R,GH337A,GH335A_R,FALSE,261640,662825,261457,663026
GH335A,GH337B,A,GH335A,GH337B_A,FALSE,261457,663026,261643,662834
GH3451,GH340A,T,GH3451,GH340A_T,FALSE,261661,663656,261378,663393
GH3271,GH340A,V,GH3271,GH340A_V,FALSE,261243,663278,261378,663393
GH340A,GH3451,M,GH340A,GH3451_M,FALSE,261378,663393,261661,663656
GH2201,GH3451,N,GH2201,GH3451_N,FALSE,261740,663895,261661,663656
GA1901,GA1551,J,GA1901,GA1551_J,FALSE,258666,665132,258575,665151
GA1351,GA1551,K,GA1351,GA1551_K,FALSE,258482,665170,258575,665151
GA1571,GA1551,M,GA1571,GA1551_M,FALSE,258620,665331,258575,665151
GH4522,GH4501,B,GH4522,GH4501_B,FALSE,264120,662441,264102,662331
GH4501,GH4502,C,GH4501,GH4502_C,FALSE,264102,662331,264067,662325
GH4502,GH4521,D,GH4502,GH4521_D,FALSE,264067,662325,264062,662446
GH4521,GH4522,A,GH4521,GH4522_A,FALSE,264062,662446,264120,662441
GH4551,GH4522,F,GH4551,GH4522_F,FALSE,264175,662562,264120,662441
GH4601,GH4551,L,GH4601,GH4551_L,FALSE,264051,662634,264175,662562
GH4521,GH4551,J,GH4521,GH4551_J,FALSE,264062,662446,264175,662562
GH2701,GH4601,F,GH2701,GH4601_F,FALSE,263536,662893,264051,662634
GH4551,GH4601,M,GH4551,GH4601_M,FALSE,264175,662562,264051,662634
GB1551,GI0051,A,GB1551,GI0051_A,FALSE,259196,663660,259304,663623
GI0401,GI0251,G,GI0401,GI0251_G,FALSE,260155,662800,260364,662808
GI0301,GI0251,D,GI0301,GI0251_D,FALSE,260562,663040,260364,662808
GI0251,GI0301,V,GI0251,GI0301_V,FALSE,260364,662808,260562,663040
GH312A,GI0301,T,GH312A,GI0301_T,FALSE,260640,663127,260562,663040
GI0551,GI0401,R,GI0551,GI0401_R,FALSE,259855,662870,260155,662800
GI0251,GI0401,S,GI0251,GI0401_S,FALSE,260364,662808,260155,662800
GA1601,GA1571,T,GA1601,GA1571_T,FALSE,258641,665417,258620,665331
GA1951,GA1571,Q,GA1951,GA1571_Q,FALSE,258738,665358,258620,665331
GI0401,GI0551,B,GI0401,GI0551_B,FALSE,260155,662800,259855,662870
GI0601,GI0551,H,GI0601,GI0551_H,FALSE,259803,662806,259855,662870
GI0601,GI0551,C,GI0601,GI0551_C,FALSE,259803,662806,259855,662870
GI0551,GI0601,T,GI0551,GI0601_T,FALSE,259855,662870,259803,662806
GI0651,GI0601,V,GI0651,GI0601_V,FALSE,259761,662762,259803,662806
GI0651,GI0601,E,GI0651,GI0601_E,FALSE,259761,662762,259803,662806
GJ0071,GI0651,C,GJ0071,GI0651_C,FALSE,259509,662479,259761,662762
GI0601,GI0651,G,GI0601,GI0651_G,FALSE,259803,662806,259761,662762
GI0601,GI0651,D,GI0601,GI0651_D,FALSE,259803,662806,259761,662762
GJ011A,GJ0051,C,GJ011A,GJ0051_C,FALSE,259266,662193,259254,662554
GJ2601,GJ0051,A,GJ2601,GJ0051_A,FALSE,258931,662647,259254,662554
GJ0071,GJ0051,B,GJ0071,GJ0051_B,FALSE,259509,662479,259254,662554
GJ0051,GJ0071,R,GJ0051,GJ0071_R,FALSE,259254,662554,259509,662479
GJ0131,GJ0071,N,GJ0131,GJ0071_N,FALSE,259287,662121,259509,662479
GI0651,GJ0071,T,GI0651,GJ0071_T,FALSE,259761,662762,259509,662479
GJ0131,GJ011A,V,GJ0131,GJ011A_V,FALSE,259287,662121,259266,662193
GJ0051,GJ011A,T,GJ0051,GJ011A_T,FALSE,259254,662554,259266,662193
GJ0141,GJ0131,C,GJ0141,GJ0131_C,FALSE,259315,661829,259287,662121
GJ011A,GJ0131,D,GJ011A,GJ0131_D,FALSE,259266,662193,259287,662121
GJ0071,GJ0131,M,GJ0071,GJ0131_M,FALSE,259509,662479,259287,662121
GJ0151,GJ0141,V,GJ0151,GJ0141_V,FALSE,259332,661749,259315,661829
GJ0131,GJ0141,T,GJ0131,GJ0141_T,FALSE,259287,662121,259315,661829
GJ019A,GJ0151,C,GJ019A,GJ0151_C,FALSE,259343,661662,259332,661749
GJ0141,GJ0151,D,GJ0141,GJ0151_D,FALSE,259315,661829,259332,661749
GJ0161,GJ0151,B,GJ0161,GJ0151_B,FALSE,259403,661768,259332,661749
GJ0161,GJ0151,H,GJ0161,GJ0151_H,FALSE,259403,661768,259332,661749
GA1331,GA1601,A,GA1331,GA1601_A,FALSE,258547,665437,258641,665417
GA1651,GA1601,D,GA1651,GA1601_D,FALSE,258660,665495,258641,665417
GJ0151,GJ0161,N,GJ0151,GJ0161_N,FALSE,259332,661749,259403,661768
GJ0141,GJ0161,L,GJ0141,GJ0161_L,FALSE,259315,661829,259403,661768
GJ0141,GJ0161,M,GJ0141,GJ0161_M,FALSE,259315,661829,259403,661768
GJ0171,GJ0161,P,GJ0171,GJ0161_P,FALSE,259518,661775,259403,661768
GJ0171,GJ0161,Q,GJ0171,GJ0161_Q,FALSE,259518,661775,259403,661768
GJ0161,GJ0171,A,GJ0161,GJ0171_A,FALSE,259403,661768,259518,661775
GJ0151,GJ019A,T,GJ0151,GJ019A_T,FALSE,259332,661749,259343,661662
GJ020A,GJ019A,V,GJ020A,GJ019A_V,FALSE,259354,661522,259343,661662
GJ019A,GJ020A,J,GJ019A,GJ020A_J,FALSE,259343,661662,259354,661522
GJ025A,GJ020A,K,GJ025A,GJ020A_K,FALSE,259172,661178,259354,661522
GJ0301,GJ025A,C,GJ0301,GJ025A_C,FALSE,259106,660850,259172,661178
GJ020A,GJ025A,D,GJ020A,GJ025A_D,FALSE,259354,661522,259172,661178
GJ0351,GJ0301,V,GJ0351,GJ0301_V,FALSE,259100,660726,259106,660850
GJ025A,GJ0301,T,GJ025A,GJ0301_T,FALSE,259172,661178,259106,660850
GJ0301,GJ0351,D,GJ0301,GJ0351_D,FALSE,259106,660850,259100,660726
GJ2401,GJ2301,V,GJ2401,GJ2301_V,FALSE,258262,662698,258295,662828
GJ2301,GJ2401,D,GJ2301,GJ2401_D,FALSE,258295,662828,258262,662698
GJ250A,GJ2401,C,GJ250A,GJ2401_C,FALSE,258232,662561,258262,662698
GK0351,GJ2401,A,GK0351,GJ2401_A,FALSE,257984,662752,258262,662698
GJ252A,GJ250A,V,GJ252A,GJ250A_V,FALSE,258209,662468,258232,662561
GA2001,GA1651,S,GA2001,GA1651_S,FALSE,258758,665472,258660,665495
GJ2551,GJ252A,C,GJ2551,GJ252A_C,FALSE,258189,662357,258209,662468
GJ2401,GJ252A,G,GJ2401,GJ252A_G,FALSE,258262,662698,258209,662468
GJ252A,GJ2551,T,GJ252A,GJ2551_T,FALSE,258209,662468,258189,662357
GJ0051,GJ2601,S,GJ0051,GJ2601_S,FALSE,259254,662554,258931,662647
GB1281,GJ2701,T,GB1281,GJ2701_T,FALSE,258890,663458,258817,663155
GJ275A,GJ2701,N,GJ275A,GJ2701_N,FALSE,258761,662901,258817,663155
GJ2701,GJ275A,M,GJ2701,GJ275A_M,FALSE,258817,663155,258761,662901
GJ2801,GJ275A,V,GJ2801,GJ275A_V,FALSE,258748,662700,258761,662901
GJ275A,GJ2801,D,GJ275A,GJ2801_D,FALSE,258761,662901,258748,662700
GJ282A,GJ2801,C,GJ282A,GJ2801_C,FALSE,258754,662604,258748,662700
GJ2601,GJ2801,B,GJ2601,GJ2801_B,FALSE,258931,662647,258748,662700
GJ2801,GJ282A,T,GJ2801,GJ282A_T,FALSE,258748,662700,258754,662604
GJ2851,GJ282A,V,GJ2851,GJ282A_V,FALSE,258780,662506,258754,662604
GJ282A,GJ2851,D,GJ282A,GJ2851_D,FALSE,258754,662604,258780,662506
GJ290A,GJ2851,C,GJ290A,GJ2851_C,FALSE,258814,662283,258780,662506
GJ2851,GJ290A,M,GJ2851,GJ290A_M,FALSE,258780,662506,258814,662283
GA2151,GA1801,X,GA2151,GA1801_X,FALSE,258819,665725,258721,665749
GJ3301,GJ3201,S,GJ3301,GJ3201_S,FALSE,258763,660916,258628,661278
GJ3201,GJ3301,A,GJ3201,GJ3301_A,FALSE,258628,661278,258763,660916
GJ3351,GJ3301,C,GJ3351,GJ3301_C,FALSE,258774,660676,258763,660916
GJ3301,GJ3351,T,GJ3301,GJ3351_T,FALSE,258763,660916,258774,660676
GJ3651,GJ3551,V,GJ3651,GJ3551_V,FALSE,258341,660525,258401,660653
GJ3651,GJ3551,W,GJ3651,GJ3551_W,FALSE,258341,660525,258401,660653
GJ3551,GJ3651,D,GJ3551,GJ3651_D,FALSE,258401,660653,258341,660525
GB0751,GK0051,M,GB0751,GK0051_M,FALSE,258584,664045,258518,663770
GK015A,GK0051,C,GK015A,GK0051_C,FALSE,258458,663511,258518,663770
GK0051,GK015A,T,GK0051,GK015A_T,FALSE,258518,663770,258458,663511
GK020A,GK015A,V,GK020A,GK015A_V,FALSE,258375,663337,258458,663511
GK0251,GK020A,C,GK0251,GK020A_C,FALSE,258234,663162,258375,663337
GK015A,GK020A,D,GK015A,GK020A_D,FALSE,258458,663511,258375,663337
GA1401,GA183A,A,GA1401,GA183A_A,FALSE,258666,665933,258748,665911
GK0301,GK0251,V,GK0301,GK0251_V,FALSE,258065,662889,258234,663162
GK020A,GK0251,T,GK020A,GK0251_T,FALSE,258375,663337,258234,663162
GK0351,GK0301,C,GK0351,GK0301_C,FALSE,257984,662752,258065,662889
GK0251,GK0301,D,GK0251,GK0301_D,FALSE,258234,663162,258065,662889
GJ2301,GK0301,B,GJ2301,GK0301_B,FALSE,258295,662828,258065,662889
GK037A,GK0351,V,GK037A,GK0351_V,FALSE,257907,662675,257984,662752
GK0301,GK0351,T,GK0301,GK0351_T,FALSE,258065,662889,257984,662752
GK0401,GK037A,Q,GK0401,GK037A_Q,FALSE,257840,662608,257907,662675
GK0351,GK037A,P,GK0351,GK037A_P,FALSE,257984,662752,257907,662675
GK045A,GK0401,C,GK045A,GK0401_C,FALSE,257667,662453,257840,662608
GK037A,GK0401,D,GK037A,GK0401_D,FALSE,257907,662675,257840,662608
GK0501,GK045A,V,GK0501,GK045A_V,FALSE,257361,662162,257667,662453
GK0401,GK045A,T,GK0401,GK045A_T,FALSE,257840,662608,257667,662453
GK0551,GK0501,C,GK0551,GK0501_C,FALSE,257231,662052,257361,662162
GK045A,GK0501,D,GK045A,GK0501_D,FALSE,257667,662453,257361,662162
GK070A,GK0551,V,GK070A,GK0551_V,FALSE,257105,661934,257231,662052
GK0501,GK0551,T,GK0501,GK0551_T,FALSE,257361,662162,257231,662052
GK0551,GK070A,D,GK0551,GK070A_D,FALSE,257231,662052,257105,661934
GK075A,GK070A,C,GK075A,GK070A_C,FALSE,256926,661588,257105,661934
GK070A,GK075A,T,GK070A,GK075A_T,FALSE,257105,661934,256926,661588
GK0801,GK075A,V,GK0801,GK075A_V,FALSE,256866,661328,256926,661588
GA1501,GA1851,A,GA1501,GA1851_A,FALSE,258567,664921,258650,664912
GB0401,GA1851,C,GB0401,GA1851_C,FALSE,258642,664721,258650,664912
GB0401,GA1851,E,GB0401,GA1851_E,FALSE,258642,664721,258650,664912
GB0401,GA1851,F,GB0401,GA1851_F,FALSE,258642,664721,258650,664912
GA2351,GA1851,B,GA2351,GA1851_B,FALSE,258786,664880,258650,664912
GK075A,GK0801,D,GK075A,GK0801_D,FALSE,256926,661588,256866,661328
GK0851,GK0801,C,GK0851,GK0801_C,FALSE,256808,661031,256866,661328
GK0801,GK0851,T,GK0801,GK0851_T,FALSE,256866,661328,256808,661031
GK0901,GK0851,V,GK0901,GK0851_V,FALSE,256700,660490,256808,661031
GK0851,GK0901,D,GK0851,GK0901_D,FALSE,256808,661031,256700,660490
GK0971,GK0901,A,GK0971,GK0901_A,FALSE,256442,660665,256700,660490
GK1051,GK0971,N,GK1051,GK0971_N,FALSE,256174,660828,256442,660665
GK0901,GK0971,M,GK0901,GK0971_M,FALSE,256700,660490,256442,660665
GK0971,GK1051,B,GK0971,GK1051_B,FALSE,256442,660665,256174,660828
GK3071,GK1051,D,GK3071,GK1051_D,FALSE,256007,660914,256174,660828
GK1801,GK1701,T,GK1801,GK1701_T,FALSE,256831,662483,257069,662478
GK1701,GK1801,A,GK1701,GK1801_A,FALSE,257069,662478,256831,662483
GK2151,GK1801,C,GK2151,GK1801_C,FALSE,256232,662546,256831,662483
GK2201,GK1801,B,GK2201,GK1801_B,FALSE,256299,662168,256831,662483
GK1801,GK2151,R,GK1801,GK2151_R,FALSE,256831,662483,256232,662546
GK2201,GK2151,S,GK2201,GK2151_S,FALSE,256299,662168,256232,662546
GK1801,GK2201,V,GK1801,GK2201_V,FALSE,256831,662483,256299,662168
GK2231,GK2201,W,GK2231,GK2201_W,FALSE,256293,661967,256299,662168
GK2151,GK2201,U,GK2151,GK2201_U,FALSE,256232,662546,256299,662168
GK2201,GK2231,A,GK2201,GK2231_A,FALSE,256299,662168,256293,661967
GK2251,GK2231,B,GK2251,GK2231_B,FALSE,256255,661738,256293,661967
GA1851,GA1871,N,GA1851,GA1871_N,FALSE,258650,664912,258654,665018
GA2401,GA1871,W,GA2401,GA1871_W,FALSE,258816,664968,258654,665018
GK2231,GK2251,V,GK2231,GK2251_V,FALSE,256293,661967,256255,661738
GK2371,GK2331,D,GK2371,GK2331_D,FALSE,253351,659414,253512,659343
GK5001,GK2331,C,GK5001,GK2331_C,FALSE,253675,659214,253512,659343
GK5101,GK2371,V,GK5101,GK2371_V,FALSE,252877,659694,253351,659414
GK2331,GK2371,S,GK2331,GK2371_S,FALSE,253512,659343,253351,659414
GK1051,GK3071,M,GK1051,GK3071_M,FALSE,256174,660828,256007,660914
GK4571,GK4501,R,GK4571,GK4501_R,FALSE,252052,661645,252040,661274
GK4501,GK4571,C,GK4501,GK4571_C,FALSE,252040,661274,252052,661645
GK4591,GK4571,A,GK4591,GK4571_A,FALSE,252064,661959,252052,661645
GK4591,GK4581,B,GK4591,GK4581_B,FALSE,252064,661959,252072,662163
GK4651,GK4581,A,GK4651,GK4581_A,FALSE,252107,662408,252072,662163
GK4571,GK4591,S,GK4571,GK4591_S,FALSE,252052,661645,252064,661959
GK4581,GK4591,R,GK4581,GK4591_R,FALSE,252072,662163,252064,661959
GK4651,GK4601,B,GK4651,GK4601_B,FALSE,252107,662408,252130,662649
GK4671,GK4601,A,GK4671,GK4601_A,FALSE,252062,662733,252130,662649
GA1551,GA1901,A,GA1551,GA1901_A,FALSE,258575,665151,258666,665132
GA1851,GA1901,M,GA1851,GA1901_M,FALSE,258650,664912,258666,665132
GA2451,GA1901,B,GA2451,GA1901_B,FALSE,258840,665099,258666,665132
GK4581,GK4651,S,GK4581,GK4651_S,FALSE,252072,662163,252107,662408
GK4601,GK4651,R,GK4601,GK4651_R,FALSE,252130,662649,252107,662408
GK4601,GK4671,S,GK4601,GK4671_S,FALSE,252130,662649,252062,662733
GK4701,GK4671,R,GK4701,GK4671_R,FALSE,251919,662969,252062,662733
GK4671,GK4701,B,GK4671,GK4701_B,FALSE,252062,662733,251919,662969
GL1961,GK4701,A,GL1961,GK4701_A,FALSE,252041,663396,251919,662969
GK5051,GK4951,R,GK5051,GK4951_R,FALSE,253903,659085,254160,658932
GK2331,GK5001,R,GK2331,GK5001_R,FALSE,253512,659343,253675,659214
GK5051,GK5001,S,GK5051,GK5001_S,FALSE,253903,659085,253675,659214
GK5001,GK5051,A,GK5001,GK5051_A,FALSE,253675,659214,253903,659085
GK4951,GK5051,C,GK4951,GK5051_C,FALSE,254160,658932,253903,659085
GK2371,GK5101,B,GK2371,GK5101_B,FALSE,253351,659414,252877,659694
GK5141,GK5101,D,GK5141,GK5101_D,FALSE,252659,659900,252877,659694
GK5141,GK5131,B,GK5141,GK5131_B,FALSE,252659,659900,252528,660003
GK5101,GK5141,S,GK5101,GK5141_S,FALSE,252877,659694,252659,659900
GK5131,GK5141,V,GK5131,GK5141_V,FALSE,252528,660003,252659,659900
GA1601,GA1951,R,GA1601,GA1951_R,FALSE,258641,665417,258738,665358
GA1901,GA1951,V,GA1901,GA1951_V,FALSE,258666,665132,258738,665358
GA2501,GA1951,S,GA2501,GA1951_S,FALSE,258837,665345,258738,665358
GL0301,GL0051,T,GL0301,GL0051_T,FALSE,257943,664260,257948,664188
GL0301,GL0051,X,GL0301,GL0051_X,FALSE,257943,664260,257948,664188
GL010A,GL0051,R,GL010A,GL0051_R,FALSE,257825,664190,257948,664188
GL0051,GL010A,B,GL0051,GL010A_B,FALSE,257948,664188,257825,664190
GL0351,GL0301,D,GL0351,GL0301_D,FALSE,257940,664385,257943,664260
GL0051,GL0301,C,GL0051,GL0301_C,FALSE,257948,664188,257943,664260
GB0121,GL0351,S,GB0121,GL0351_S,FALSE,258218,664478,257940,664385
GL0301,GL0351,V,GL0301,GL0351_V,FALSE,257943,664260,257940,664385
GL0301,GL0351,W,GL0301,GL0351_W,FALSE,257943,664260,257940,664385
GL0451,GL0401,R,GL0451,GL0401_R,FALSE,257808,664627,257989,664643
GL0521,GL0451,A,GL0521,GL0451_A,FALSE,257547,664621,257808,664627
GL0401,GL0451,B,GL0401,GL0451_B,FALSE,257989,664643,257808,664627
GL0551,GL0521,R,GL0551,GL0521_R,FALSE,257471,664629,257547,664621
GL0451,GL0521,S,GL0451,GL0521_S,FALSE,257808,664627,257547,664621
GL0521,GL0551,B,GL0521,GL0551_B,FALSE,257547,664621,257471,664629
GL0521,GL0551,Z,GL0521,GL0551_Z,FALSE,257547,664621,257471,664629
GL1101,GL1151,C,GL1101,GL1151_C,FALSE,255479,664134,255415,664253
GA2551,GA2001,B,GA2551,GA2001_B,FALSE,258860,665447,258758,665472
GA1951,GA2001,C,GA1951,GA2001_C,FALSE,258738,665358,258758,665472
GL3551,GL1251,C,GL3551,GL1251_C,FALSE,254924,664480,254884,664280
GL1401,GL1351,A,GL1401,GL1351_A,FALSE,253945,663904,254177,663948
GL1451,GL1351,C,GL1451,GL1351_C,FALSE,254107,663746,254177,663948
GL142A,GL1401,R,GL142A,GL1401_R,FALSE,253844,663892,253945,663904
GL1351,GL1401,S,GL1351,GL1401_S,FALSE,254177,663948,253945,663904
GL1451,GL1401,V,GL1451,GL1401_V,FALSE,254107,663746,253945,663904
GL1691,GL142A,A,GL1691,GL142A_A,FALSE,253466,663865,253844,663892
GL1401,GL142B,B,GL1401,GL142B_B,FALSE,253945,663904,253856,663881
GL1501,GL1451,G,GL1501,GL1451_G,FALSE,254390,663555,254107,663746
GL1401,GL1451,J,GL1401,GL1451_J,FALSE,253945,663904,254107,663746
GL1351,GL1451,F,GL1351,GL1451_F,FALSE,254177,663948,254107,663746
GL1451,GL1501,A,GL1451,GL1501_A,FALSE,254107,663746,254390,663555
GL1701,GL1691,R,GL1701,GL1691_R,FALSE,253350,663858,253466,663865
GL142B,GL1691,S,GL142B,GL1691_S,FALSE,253856,663881,253466,663865
GL1821,GL1701,A,GL1821,GL1701_A,FALSE,253112,663865,253350,663858
GL1691,GL1701,B,GL1691,GL1701_B,FALSE,253466,663865,253350,663858
GA2001,GA2051,V,GA2001,GA2051_V,FALSE,258758,665472,258781,665566
GL1851,GL1821,R,GL1851,GL1821_R,FALSE,252639,663911,253112,663865
GL1701,GL1821,S,GL1701,GL1821_S,FALSE,253350,663858,253112,663865
GL1901,GL1851,C,GL1901,GL1851_C,FALSE,252351,663897,252639,663911
GL1821,GL1851,E,GL1821,GL1851_E,FALSE,253112,663865,252639,663911
GL1951,GL1901,R,GL1951,GL1901_R,FALSE,252061,663880,252351,663897
GL1851,GL1901,S,GL1851,GL1901_S,FALSE,252639,663911,252351,663897
GL1901,GL1951,B,GL1901,GL1951_B,FALSE,252351,663897,252061,663880
GL1962,GL1951,C,GL1962,GL1951_C,FALSE,252061,663530,252061,663880
GL1901,GL1951,F,GL1901,GL1951_F,FALSE,252351,663897,252061,663880
GK4701,GL1961,S,GK4701,GL1961_S,FALSE,251919,662969,252041,663396
GL1951,GL1962,V,GL1951,GL1962_V,FALSE,252061,663880,252061,663530
GL3001,GL2601,S,GL3001,GL2601_S,FALSE,253983,665976,253963,665899
GL2651,GL2621,R,GL2651,GL2621_R,FALSE,256587,664942,256361,664825
GL268A,GL2651,B,GL268A,GL2651_B,FALSE,256745,664991,256587,664942
GL2621,GL2651,A,GL2621,GL2651_A,FALSE,256361,664825,256587,664942
GA2051,GA2101,C,GA2051,GA2101_C,FALSE,258781,665566,258800,665645
GL2701,GL268A,K,GL2701,GL268A_K,FALSE,256935,664952,256745,664991
GL2651,GL268A,L,GL2651,GL268A_L,FALSE,256587,664942,256745,664991
GL2801,GL2701,B,GL2801,GL2701_B,FALSE,257057,664907,256935,664952
GL268A,GL2701,A,GL268A,GL2701_A,FALSE,256745,664991,256935,664952
GL2802,GL2701,Y,GL2802,GL2701_Y,FALSE,257058,664925,256935,664952
GL2701,GL2801,R,GL2701,GL2801_R,FALSE,256935,664952,257057,664907
GL285A,GL2801,T,GL285A,GL2801_T,FALSE,257128,664954,257057,664907
GL2701,GL2802,X,GL2701,GL2802_X,FALSE,256935,664952,257058,664925
GL285B,GL2802,Q,GL285B,GL2802_Q,FALSE,257125,664965,257058,664925
GL2801,GL285A,C,GL2801,GL285A_C,FALSE,257057,664907,257128,664954
GC0251,GL285A,D,GC0251,GL285A_D,FALSE,257283,665089,257128,664954
GC0251,GL285B,N,GC0251,GL285B_N,FALSE,257283,665089,257125,664965
GL2802,GL285B,P,GL2802,GL285B_P,FALSE,257058,664925,257125,664965
GL315A,GL3001,A,GL315A,GL3001_A,FALSE,254132,665919,253983,665976
GL4101,GL3001,B,GL4101,GL3001_B,FALSE,253816,666037,253983,665976
GL2601,GL3001,C,GL2601,GL3001_C,FALSE,253963,665899,253983,665976
GL315A,GL3071,B,GL315A,GL3071_B,FALSE,254132,665919,254401,665868
GL3071,GL315A,R,GL3071,GL315A_R,FALSE,254401,665868,254132,665919
GL3001,GL315A,T,GL3001,GL315A_T,FALSE,253983,665976,254132,665919
GA2101,GA2151,V,GA2101,GA2151_V,FALSE,258800,665645,258819,665725
GA2701,GA2151,S,GA2701,GA2151_S,FALSE,258921,665700,258819,665725
GL3371,GL3351,B,GL3371,GL3351_B,FALSE,255361,665629,255253,665640
GL3351,GL3371,L,GL3351,GL3371_L,FALSE,255253,665640,255361,665629
GL3451,GL3371,N,GL3451,GL3371_N,FALSE,255544,665623,255361,665629
GL295A,GL3451,A,GL295A,GL3451_A,FALSE,255745,665520,255544,665623
GL3371,GL3451,D,GL3371,GL3451_D,FALSE,255361,665629,255544,665623
GL1251,GL3551,R,GL1251,GL3551_R,FALSE,254884,664280,254924,664480
GL4151,GL4101,S,GL4151,GL4101_S,FALSE,253697,666099,253816,666037
GL3001,GL4101,R,GL3001,GL4101_R,FALSE,253983,665976,253816,666037
GL4101,GL4151,A,GL4101,GL4151_A,FALSE,253816,666037,253697,666099
GA2151,GA2201,C,GA2151,GA2201_C,FALSE,258819,665725,258839,665807
GA2201,GA2251,V,GA2201,GA2251_V,FALSE,258839,665807,258858,665886
GA183A,GA2251,R,GA183A,GA2251_R,FALSE,258748,665911,258858,665886
GA1451,GA2301,A,GA1451,GA2301_A,FALSE,258729,666097,258891,666039
GA2251,GA2301,C,GA2251,GA2301_C,FALSE,258858,665886,258891,666039
GA2251,GA2301,E,GA2251,GA2301_E,FALSE,258858,665886,258891,666039
GA1851,GA2351,R,GA1851,GA2351_R,FALSE,258650,664912,258786,664880
GA1851,GA2351,X,GA1851,GA2351_X,FALSE,258650,664912,258786,664880
GA320A,GA2351,S,GA320A,GA2351_S,FALSE,258878,664839,258786,664880
GA2401,GA2351,T,GA2401,GA2351_T,FALSE,258816,664968,258786,664880
GA1871,GA2401,E,GA1871,GA2401_E,FALSE,258654,665018,258816,664968
GA2451,GA2401,D,GA2451,GA2401_D,FALSE,258840,665099,258816,664968
GA3221,GA2421,W,GA3221,GA2421_W,FALSE,259092,664728,258989,664780
GA1901,GA2451,F,GA1901,GA2451_F,FALSE,258666,665132,258840,665099
GA2501,GA2451,T,GA2501,GA2451_T,FALSE,258837,665345,258840,665099
GA1951,GA2501,A,GA1951,GA2501_A,FALSE,258738,665358,258837,665345
GA2551,GA2501,D,GA2551,GA2501_D,FALSE,258860,665447,258837,665345
GA2601,GA2551,T,GA2601,GA2551_T,FALSE,258883,665541,258860,665447
GA2901,GA2551,S,GA2901,GA2551_S,FALSE,258950,665425,258860,665447
GA2651,GA2601,D,GA2651,GA2601_D,FALSE,258902,665620,258883,665541
GA2051,GA2601,A,GA2051,GA2601_A,FALSE,258781,665566,258883,665541
GA2701,GA2651,T,GA2701,GA2651_T,FALSE,258921,665700,258902,665620
GA2101,GA2651,R,GA2101,GA2651_R,FALSE,258800,665645,258902,665620
GA2751,GA2701,D,GA2751,GA2701_D,FALSE,258940,665782,258921,665700
GA2801,GA2751,T,GA2801,GA2751_T,FALSE,258964,665859,258940,665782
GA2251,GA2801,A,GA2251,GA2801_A,FALSE,258858,665886,258964,665859
GA2251,GA2801,G,GA2251,GA2801_G,FALSE,258858,665886,258964,665859
GA3301,GA2901,B,GA3301,GA2901_B,FALSE,259034,665406,258950,665425
GA2951,GA2901,D,GA2951,GA2901_D,FALSE,258972,665519,258950,665425
GA2601,GA2951,R,GA2601,GA2951_R,FALSE,258883,665541,258972,665519
GA2901,GA2951,V,GA2901,GA2951_V,FALSE,258950,665425,258972,665519
GA2351,GA320A,Y,GA2351,GA320A_Y,FALSE,258786,664880,258878,664839
GA4651,GA3221,B,GA4651,GA3221_B,FALSE,259224,664668,259092,664728
GA2421,GA3221,A,GA2421,GA3221_A,FALSE,258989,664780,259092,664728
GA2451,GA3251,A,GA2451,GA3251_A,FALSE,258840,665099,258956,665075
GA4101,GA3301,S,GA4101,GA3301_S,FALSE,259180,665371,259034,665406
GA2951,GA3351,A,GA2951,GA3351_A,FALSE,258972,665519,259065,665495
GA3251,GA4051,R,GA3251,GA4051_R,FALSE,258956,665075,259096,665044
GA4051,GA4081,V,GA4051,GA4081_V,FALSE,259096,665044,259158,665284
GA4801,GA4081,S,GA4801,GA4081_S,FALSE,259360,665245,259158,665284
GA4551,GA4101,B,GA4551,GA4101_B,FALSE,259328,665336,259180,665371
GA4551,GA4101,G,GA4551,GA4101_G,FALSE,259328,665336,259180,665371
GA4081,GA4101,C,GA4081,GA4101_C,FALSE,259158,665284,259180,665371
GA4101,GA4151,V,GA4101,GA4151_V,FALSE,259180,665371,259201,665461
GA3351,GA4151,R,GA3351,GA4151_R,FALSE,259065,665495,259201,665461
GA4151,GA4301,A,GA4151,GA4301_A,FALSE,259201,665461,259278,665442
GA4351,GA4301,D,GA4351,GA4301_D,FALSE,259321,665619,259278,665442
GA4371,GA4351,S,GA4371,GA4351_S,FALSE,259392,665604,259321,665619
GA4401,GA4351,T,GA4401,GA4351_T,FALSE,259357,665771,259321,665619
GA4901,GA4371,B,GA4901,GA4371_B,FALSE,259590,665589,259392,665604
GA4351,GA4371,A,GA4351,GA4371_A,FALSE,259321,665619,259392,665604
GA4601,GA4371,C,GA4601,GA4371_C,FALSE,259348,665424,259392,665604
GA4351,GA4401,M,GA4351,GA4401_M,FALSE,259321,665619,259357,665771
GA4451,GA4401,N,GA4451,GA4401_N,FALSE,259387,665891,259357,665771
GC420A,GA0101,C,GC420A,GA0101_C,FALSE,257681,664990,258005,664949
GA127A,GA0101,T,GA127A,GA0101_T,FALSE,258292,664952,258005,664949
GA4401,GA4451,C,GA4401,GA4451_C,FALSE,259357,665771,259387,665891
GA4501,GA4451,D,GA4501,GA4451_D,FALSE,259435,666058,259387,665891
GA4601,GA4551,T,GA4601,GA4551_T,FALSE,259348,665424,259328,665336
GA4801,GA4551,V,GA4801,GA4551_V,FALSE,259360,665245,259328,665336
GA4301,GA4601,R,GA4301,GA4601_R,FALSE,259278,665442,259348,665424
GA4701,GA4651,X,GA4701,GA4651_X,FALSE,259252,664768,259224,664668
GA4701,GA4651,T,GA4701,GA4651_T,FALSE,259252,664768,259224,664668
GB1101,GA4651,V,GB1101,GA4651_V,FALSE,259055,664373,259224,664668
GA3221,GA4651,R,GA3221,GA4651_R,FALSE,259092,664728,259224,664668
GA4721,GA4701,D,GA4721,GA4701_D,FALSE,259280,664878,259252,664768
GA4651,GA4701,C,GA4651,GA4701_C,FALSE,259224,664668,259252,664768
GA4751,GA4721,T,GA4751,GA4721_T,FALSE,259307,664990,259280,664878
GA4701,GA4721,V,GA4701,GA4721_V,FALSE,259252,664768,259280,664878
GA4771,GA4751,D,GA4771,GA4751_D,FALSE,259335,665129,259307,664990
GA4851,GA4751,B,GA4851,GA4751_B,FALSE,259496,664938,259307,664990
GA4721,GA4751,C,GA4721,GA4751_C,FALSE,259280,664878,259307,664990
GA4801,GA4771,T,GA4801,GA4771_T,FALSE,259360,665245,259335,665129
GA4751,GA4771,V,GA4751,GA4771_V,FALSE,259307,664990,259335,665129
GA4551,GA4801,D,GA4551,GA4801_D,FALSE,259328,665336,259360,665245
GA0201,GA0151,D,GA0201,GA0151_D,FALSE,257962,665922,258001,665649
GA0401,GA0151,B,GA0401,GA0151_B,FALSE,258130,665622,258001,665649
GC0051,GA0151,A,GC0051,GA0151_A,FALSE,257696,665662,258001,665649
GA5171,GA4851,S,GA5171,GA4851_S,FALSE,259564,664917,259496,664938
GA4751,GA4851,R,GA4751,GA4851_R,FALSE,259307,664990,259496,664938
GA5301,GA4871,H,GA5301,GA4871_H,FALSE,259911,665287,259560,665371
GA4601,GA4871,A,GA4601,GA4871_A,FALSE,259348,665424,259560,665371
GA4901,GA4871,D,GA4901,GA4871_D,FALSE,259590,665589,259560,665371
GA495A,GA4901,S,GA495A,GA4901_S,FALSE,259853,665593,259590,665589
GA4371,GA4901,R,GA4371,GA4901_R,FALSE,259392,665604,259590,665589
GA4871,GA4901,V,GA4871,GA4901_V,FALSE,259560,665371,259590,665589
GA495A,GA492A,M,GA495A,GA492A_M,FALSE,259853,665593,259753,665594
GA4971,GA492A,N,GA4971,GA492A_N,FALSE,259909,665592,259753,665594
GA492A,GA495A,B,GA492A,GA495A_B,FALSE,259753,665594,259853,665593
GA4901,GA495A,A,GA4901,GA495A_A,FALSE,259590,665589,259853,665593
GA5601,GA4971,T,GA5601,GA4971_T,FALSE,260074,665730,259909,665592
GA492A,GA4971,R,GA492A,GA4971_R,FALSE,259753,665594,259909,665592
GA5371,GA4971,S,GA5371,GA4971_S,FALSE,260110,665568,259909,665592
GA5052,GA5001,T,GA5052,GA5001_T,FALSE,259501,664616,259447,664506
GB140A,GA5001,X,GB140A,GA5001_X,FALSE,259382,664385,259447,664506
GA510A,GA5051,E,GA510A,GA5051_E,FALSE,259604,664807,259526,664676
GA5052,GA5051,F,GA5052,GA5051_F,FALSE,259501,664616,259526,664676
GA5001,GA5052,D,GA5001,GA5052_D,FALSE,259447,664506,259501,664616
GA5051,GA5052,G,GA5051,GA5052_G,FALSE,259526,664676,259501,664616
GA5151,GA510A,D,GA5151,GA510A_D,FALSE,259662,664889,259604,664807
GA5051,GA510A,R,GA5051,GA510A_R,FALSE,259526,664676,259604,664807
